-- MySQL dump 10.13  Distrib 5.7.29, for Linux (x86_64)
--
-- Host: localhost    Database: Onlinetrade.ru
-- ------------------------------------------------------
-- Server version	5.7.29-0ubuntu0.18.04.1

/*!40101 SET @OLD_CHARACTER_SET_CLIENT=@@CHARACTER_SET_CLIENT */;
/*!40101 SET @OLD_CHARACTER_SET_RESULTS=@@CHARACTER_SET_RESULTS */;
/*!40101 SET @OLD_COLLATION_CONNECTION=@@COLLATION_CONNECTION */;
/*!40101 SET NAMES utf8 */;
/*!40103 SET @OLD_TIME_ZONE=@@TIME_ZONE */;
/*!40103 SET TIME_ZONE='+00:00' */;
/*!40014 SET @OLD_UNIQUE_CHECKS=@@UNIQUE_CHECKS, UNIQUE_CHECKS=0 */;
/*!40014 SET @OLD_FOREIGN_KEY_CHECKS=@@FOREIGN_KEY_CHECKS, FOREIGN_KEY_CHECKS=0 */;
/*!40101 SET @OLD_SQL_MODE=@@SQL_MODE, SQL_MODE='NO_AUTO_VALUE_ON_ZERO' */;
/*!40111 SET @OLD_SQL_NOTES=@@SQL_NOTES, SQL_NOTES=0 */;

--
-- Table structure for table `actions`
--

DROP TABLE IF EXISTS `actions`;
/*!40101 SET @saved_cs_client     = @@character_set_client */;
/*!40101 SET character_set_client = utf8 */;
CREATE TABLE `actions` (
  `id` int(10) unsigned NOT NULL AUTO_INCREMENT,
  `name` varchar(255) NOT NULL COMMENT 'Название акции',
  `description` text NOT NULL COMMENT 'Описание',
  `product_id` int(10) unsigned NOT NULL,
  `archived` tinyint(1) NOT NULL COMMENT 'Активна ли акция',
  `created_at` datetime DEFAULT CURRENT_TIMESTAMP,
  `updated_at` datetime DEFAULT CURRENT_TIMESTAMP ON UPDATE CURRENT_TIMESTAMP,
  PRIMARY KEY (`id`),
  KEY `actions_product_id_fk` (`product_id`),
  CONSTRAINT `actions_product_id_fk` FOREIGN KEY (`product_id`) REFERENCES `products` (`id`)
) ENGINE=InnoDB AUTO_INCREMENT=31 DEFAULT CHARSET=utf8 COMMENT='Акции';
/*!40101 SET character_set_client = @saved_cs_client */;

--
-- Dumping data for table `actions`
--

LOCK TABLES `actions` WRITE;
/*!40000 ALTER TABLE `actions` DISABLE KEYS */;
INSERT INTO `actions` VALUES (1,'nesciunt','Et dolores quia enim. Repudiandae et porro ea atque delectus perferendis id et. Molestiae neque impedit sed provident. Minus excepturi sit velit molestiae enim quis ex.',1,1,'1989-08-24 07:21:37','1989-08-24 07:21:37'),(2,'quo','Ratione ea provident aut illum cum illum autem. Quod ut dolorem vel aut. Itaque necessitatibus maxime asperiores qui quibusdam ea sit voluptatibus. Et sed voluptas sed porro voluptate et eligendi ut.',2,1,'1983-04-24 23:13:15','2014-11-09 19:57:33'),(3,'optio','Perspiciatis reiciendis non quaerat in. Sed tempora dicta molestiae et. Error est sequi molestiae ex nihil.',3,1,'2008-04-16 23:54:32','2017-09-27 11:13:06'),(4,'consequatur','Voluptatem consequuntur sit voluptatibus. Aliquid quo ut nobis et iusto. Rerum consequuntur mollitia et dolorum ea illum et. Omnis ducimus deleniti aliquid asperiores. Iusto qui nemo optio odio molestiae.',4,0,'1980-10-28 07:56:44','1997-06-09 04:33:15'),(5,'pariatur','Dolor incidunt beatae commodi et quaerat. Ut reprehenderit magni magnam odio. Magnam est aliquid et mollitia quia. Blanditiis doloribus molestias delectus nesciunt.',5,0,'2005-05-08 13:22:22','2005-05-08 13:22:22'),(6,'reiciendis','Reprehenderit sint odit dolore magnam enim porro. Enim soluta quod officiis dolorum. Voluptas non sed velit.',6,1,'1992-07-19 04:35:46','1992-07-19 04:35:46'),(7,'architecto','In neque voluptatem ut facilis quas. Quasi nesciunt non quia sunt quia numquam.',7,1,'2017-01-01 11:08:13','2017-01-01 11:08:13'),(8,'est','Adipisci sunt quaerat accusamus officia odit quibusdam. Pariatur ut provident rerum explicabo. Debitis nulla sit aut rem molestiae commodi ea. Et cum voluptatibus qui et consectetur totam totam. Doloribus tenetur consequatur illo sed.',8,0,'1982-12-22 16:20:22','1990-12-16 11:12:55'),(9,'maxime','Atque autem fuga ipsam deleniti enim alias laudantium. Nesciunt eos quasi eos ea. Quasi architecto voluptatum quidem officia. Enim ut eum voluptas et cum aspernatur ratione aut.',9,0,'2009-10-08 01:43:35','2013-04-10 05:16:08'),(10,'quam','Enim impedit odio veritatis voluptatem modi consequatur nihil. Voluptatum officiis laborum illo consectetur. Ipsa voluptate sed quod sequi omnis sed. Est omnis in dolores culpa ducimus repudiandae eveniet.',10,1,'1971-11-14 08:59:15','1985-09-17 08:53:43'),(11,'dignissimos','Aut iure praesentium eligendi quasi exercitationem quae. Enim alias sint ut quasi voluptatem. Necessitatibus aut repellendus aliquid in est fugit in. Voluptatem error atque sapiente est.',11,1,'2018-09-10 01:08:18','2018-09-10 01:08:18'),(12,'molestiae','Optio molestiae eum minima sit unde voluptatem. Asperiores similique non sint sed. Quas odio eius natus quos voluptatem commodi dolorem similique.',12,1,'1984-12-08 07:32:03','1984-12-08 07:32:03'),(13,'mollitia','Ea laborum eum ipsum. Dolorem dolorem magni eum recusandae. Adipisci dolorum suscipit explicabo non.',13,1,'2008-09-30 08:27:39','2008-09-30 08:27:39'),(14,'perspiciatis','Sed nihil quia iusto eos iure. A autem nemo possimus libero unde dolorem. Porro et ab omnis dolores eius sit. Aspernatur laboriosam eius sed natus voluptates tempora.',14,1,'1976-09-19 14:45:50','1977-03-24 08:33:34'),(15,'sint','Natus laboriosam exercitationem laboriosam nulla. Perspiciatis et in non qui. Architecto non quasi ex repellendus ducimus libero ut. Exercitationem est nostrum iusto quo.',15,1,'1973-03-22 21:24:02','2019-12-05 05:49:17'),(16,'est','A voluptas inventore necessitatibus placeat totam non sed. Iure mollitia officia ea qui iusto. Incidunt consequatur dolore amet maiores quo corrupti. Hic qui nesciunt omnis.',16,0,'1990-05-27 07:36:12','2016-07-19 08:15:34'),(17,'ipsa','Nihil minus illo rem. Ipsa mollitia quidem similique illum. Dolor officiis nemo sit voluptatum est. Impedit molestiae dolorem ipsum ut.',17,0,'2013-01-25 22:25:12','2013-01-25 22:25:12'),(18,'expedita','A libero voluptatem enim qui voluptas. Excepturi ut molestiae minima officiis enim. Voluptas laborum laboriosam vero alias.',18,0,'2000-06-03 19:18:21','2004-01-11 21:42:37'),(19,'quo','Fugiat corrupti assumenda consequatur dicta molestiae iure ut vero. Ullam qui est aperiam est.',19,1,'2008-02-02 04:23:01','2008-02-02 04:23:01'),(20,'quod','Quibusdam mollitia est possimus dolore vero. Natus ipsum quia illo qui animi. Nihil ut et et odit sunt.',20,0,'2011-07-31 03:21:28','2013-04-29 11:43:23'),(21,'nemo','Eum hic beatae illo voluptas voluptatibus suscipit doloribus. Incidunt temporibus et et neque occaecati. Rem sequi autem nesciunt officia. Dolorem omnis natus explicabo quisquam occaecati eaque molestiae.',21,1,'2000-06-04 03:41:34','2019-01-16 08:40:54'),(22,'ut','Quo non magni similique. Distinctio fugiat corrupti consequatur voluptas vel. Quas non consequatur et perspiciatis harum.',22,0,'2018-08-22 17:36:29','2018-08-22 17:36:29'),(23,'cupiditate','Commodi vitae soluta voluptatem harum quisquam nobis. Aut aspernatur hic et non omnis. Temporibus et deleniti libero aspernatur laboriosam id temporibus.',23,1,'1989-12-07 23:57:48','2009-12-28 06:32:16'),(24,'id','Velit repellat qui ut dicta vel dicta velit. Error est quae vel. Explicabo earum vel ut sit. Inventore quae aut odio perspiciatis fugit exercitationem.',24,0,'2014-10-20 22:38:47','2014-10-20 22:38:47'),(25,'odio','Nemo laborum soluta et fugit molestiae aut nobis sed. Voluptatem alias officiis dicta officiis et minima rerum.',25,1,'1982-07-04 12:18:55','1982-07-04 12:18:55'),(26,'sint','Ipsum itaque nulla optio facere officia vel. Quis velit magni ut aut quisquam aut. Odit iusto veritatis odit consequatur cumque iusto. Eligendi consequatur mollitia aperiam ipsum ea laudantium vero.',26,0,'1997-10-07 13:13:33','1997-10-07 13:13:33'),(27,'ut','Sint molestiae et dolores in. Sit aut quam ut. Tempora quia doloribus facilis deserunt. Nulla expedita omnis accusantium dicta nemo.',27,0,'2000-02-15 23:28:54','2017-03-22 05:25:55'),(28,'aut','Deserunt quia alias quaerat aperiam ipsam nam aut aut. Dolor consequatur consectetur quia porro quos vitae. Voluptatem quod quidem quo cupiditate.',28,1,'1989-05-21 02:21:42','2013-09-19 15:09:53'),(29,'nihil','Omnis aliquam qui architecto. Nihil voluptate dolores perspiciatis. Est ut accusantium delectus magnam illum qui.',29,0,'1973-04-22 12:46:19','2013-01-24 00:31:39'),(30,'et','Eveniet et quidem praesentium. Dignissimos reprehenderit voluptatum sed suscipit ea qui quo aspernatur. Vero non eveniet sit quaerat omnis placeat et. At ut laboriosam ratione pariatur doloribus libero cupiditate omnis.',30,0,'2017-12-21 11:55:34','2017-12-21 11:55:34');
/*!40000 ALTER TABLE `actions` ENABLE KEYS */;
UNLOCK TABLES;

--
-- Table structure for table `activities`
--

DROP TABLE IF EXISTS `activities`;
/*!40101 SET @saved_cs_client     = @@character_set_client */;
/*!40101 SET character_set_client = utf8 */;
CREATE TABLE `activities` (
  `id` int(10) unsigned NOT NULL AUTO_INCREMENT,
  `user_id` int(10) unsigned NOT NULL,
  `previously_viewed_id` int(10) unsigned DEFAULT NULL COMMENT 'Просмотрено ранее',
  `purchased_earler_id` int(10) unsigned DEFAULT NULL COMMENT 'Куплено ранее',
  `bookmarked_goods_id` int(10) unsigned DEFAULT NULL COMMENT 'Товар в закладках',
  `created_at` datetime DEFAULT CURRENT_TIMESTAMP,
  `updated_at` datetime DEFAULT CURRENT_TIMESTAMP ON UPDATE CURRENT_TIMESTAMP,
  PRIMARY KEY (`id`),
  KEY `activities_user_id_fk` (`user_id`),
  KEY `activities_previously_viewed_id_fk` (`previously_viewed_id`),
  KEY `activities_purchased_earler_id_fk` (`purchased_earler_id`),
  KEY `activities_bookmarked_goods_id_fk` (`bookmarked_goods_id`),
  CONSTRAINT `activities_bookmarked_goods_id_fk` FOREIGN KEY (`bookmarked_goods_id`) REFERENCES `products` (`id`),
  CONSTRAINT `activities_previously_viewed_id_fk` FOREIGN KEY (`previously_viewed_id`) REFERENCES `products` (`id`),
  CONSTRAINT `activities_purchased_earler_id_fk` FOREIGN KEY (`purchased_earler_id`) REFERENCES `products` (`id`),
  CONSTRAINT `activities_user_id_fk` FOREIGN KEY (`user_id`) REFERENCES `users` (`id`)
) ENGINE=InnoDB AUTO_INCREMENT=301 DEFAULT CHARSET=utf8 COMMENT='Список активностей';
/*!40101 SET character_set_client = @saved_cs_client */;

--
-- Dumping data for table `activities`
--

LOCK TABLES `activities` WRITE;
/*!40000 ALTER TABLE `activities` DISABLE KEYS */;
INSERT INTO `activities` VALUES (1,154,23,32,34,'1987-08-09 22:50:56','1987-08-09 22:50:56'),(2,119,45,47,2,'1970-01-22 00:29:28','1976-12-11 09:48:01'),(3,99,34,28,43,'1986-02-21 13:21:36','1986-02-21 13:21:36'),(4,134,20,10,44,'2008-12-31 19:15:50','2008-12-31 19:15:50'),(5,8,20,46,24,'1999-04-11 21:15:55','1999-04-11 21:15:55'),(6,147,21,10,24,'1974-03-11 04:16:16','1975-08-27 00:40:54'),(7,123,42,6,7,'1990-02-15 21:46:55','1990-07-22 06:53:21'),(8,211,50,45,36,'1976-02-25 23:18:55','1976-02-25 23:18:55'),(9,122,7,38,23,'1988-12-26 01:26:00','1988-12-26 01:26:00'),(10,10,49,34,12,'1992-11-26 08:58:01','2015-05-04 22:45:11'),(11,174,10,22,32,'1982-11-01 12:06:53','2018-11-11 03:05:10'),(12,133,17,31,5,'2013-03-24 00:40:17','2013-03-24 00:40:17'),(13,136,31,16,21,'1998-12-20 10:32:33','1998-12-20 10:32:33'),(14,200,28,37,43,'1999-07-20 12:38:05','2004-10-22 10:44:01'),(15,87,29,39,23,'2013-05-03 23:36:12','2013-05-03 23:36:12'),(16,139,37,29,1,'2019-10-26 06:08:37','2019-10-26 06:08:37'),(17,118,34,34,23,'1992-05-16 12:37:05','2010-05-24 14:36:15'),(18,69,40,12,10,'1989-12-18 11:28:21','2017-07-10 14:07:26'),(19,71,18,18,7,'1986-02-09 16:32:24','1992-03-26 19:01:40'),(20,267,18,19,26,'2009-02-03 03:24:58','2009-02-03 03:24:58'),(21,247,7,26,26,'1984-08-02 14:24:23','1984-08-02 14:24:23'),(22,296,35,13,30,'2001-09-15 19:32:53','2001-09-15 19:32:53'),(23,6,1,24,15,'2014-07-11 15:54:06','2014-07-11 15:54:06'),(24,207,47,23,26,'2016-07-12 01:17:06','2016-07-12 01:17:06'),(25,81,17,8,22,'1998-01-26 12:06:00','1998-01-26 12:06:00'),(26,243,44,14,45,'1982-07-24 04:14:08','1990-07-11 23:56:50'),(27,101,38,18,10,'2004-03-11 16:57:22','2019-03-19 21:32:11'),(28,39,42,31,43,'2012-01-06 17:47:40','2012-01-06 17:47:40'),(29,35,33,21,20,'2016-10-05 07:32:17','2016-10-05 07:32:17'),(30,180,21,39,40,'1988-11-04 09:41:45','1988-11-04 09:41:45'),(31,88,6,27,8,'1989-04-03 15:44:37','1989-04-03 15:44:37'),(32,97,50,10,33,'1981-02-22 21:40:25','2008-03-03 16:31:36'),(33,24,39,43,14,'2009-09-03 19:34:06','2009-09-03 19:34:06'),(34,293,32,42,10,'2013-07-04 08:10:02','2013-07-04 08:10:02'),(35,220,30,37,10,'1986-09-21 19:55:47','1986-09-21 19:55:47'),(36,201,14,29,11,'1993-01-22 17:10:19','2000-02-08 20:16:01'),(37,92,29,4,38,'2003-05-26 03:51:44','2003-05-26 03:51:44'),(38,74,28,1,26,'1996-02-29 07:21:28','2009-10-14 04:41:00'),(39,19,32,46,8,'1990-06-21 23:38:41','1999-06-06 07:21:28'),(40,263,12,36,39,'2018-06-21 23:08:10','2018-06-21 23:08:10'),(41,145,17,29,46,'2003-04-26 07:03:14','2003-04-26 07:03:14'),(42,82,19,27,34,'1980-11-24 02:01:42','2016-08-26 10:42:41'),(43,115,46,21,31,'1986-01-05 02:02:26','2009-01-07 23:15:35'),(44,98,37,37,17,'1999-09-24 18:00:36','2008-03-10 15:19:11'),(45,193,15,6,13,'2008-03-08 02:24:00','2009-01-17 15:01:51'),(46,203,4,37,3,'2020-01-05 18:01:38','2020-01-05 18:01:38'),(47,274,31,12,17,'1979-05-30 05:02:03','1979-05-30 05:02:03'),(48,208,21,3,26,'1998-10-03 22:46:24','2009-01-25 17:26:13'),(49,165,37,12,20,'2007-06-10 23:26:20','2007-06-10 23:26:20'),(50,113,42,26,32,'1999-03-13 16:33:34','2006-05-23 16:31:34'),(51,47,20,3,20,'2008-10-05 20:04:29','2012-04-12 20:41:20'),(52,146,39,12,8,'2016-02-13 08:13:24','2018-02-26 07:30:24'),(53,299,38,10,16,'1989-12-25 18:30:19','1989-12-25 18:30:19'),(54,150,13,35,40,'1970-09-21 01:33:10','1987-03-04 11:47:26'),(55,188,16,27,13,'1974-10-17 15:08:08','1974-10-17 15:08:08'),(56,74,25,37,3,'1974-01-28 15:35:34','1974-01-28 15:35:34'),(57,124,47,26,40,'1973-02-26 20:20:50','1986-01-24 19:59:21'),(58,279,28,9,12,'1990-12-28 03:33:42','1999-01-11 17:00:21'),(59,46,18,33,10,'1999-12-02 04:31:06','2013-01-08 04:04:51'),(60,186,11,2,5,'1973-01-08 11:20:00','1985-07-12 01:20:31'),(61,242,22,42,22,'1977-07-30 04:38:35','1987-10-20 12:31:35'),(62,154,39,41,14,'1970-01-25 20:07:40','2011-09-09 03:46:28'),(63,276,17,3,8,'1986-10-05 16:26:39','1986-10-05 16:26:39'),(64,166,25,39,46,'2017-07-29 22:18:49','2020-02-03 21:26:46'),(65,36,15,21,25,'1981-11-30 15:08:35','2015-07-06 09:10:07'),(66,87,28,13,28,'2015-12-16 22:22:10','2015-12-16 22:22:10'),(67,148,16,31,42,'2013-11-16 16:46:13','2013-11-16 16:46:13'),(68,285,40,19,24,'1975-09-27 15:19:36','1980-10-01 07:18:26'),(69,105,37,46,9,'1997-02-06 08:38:37','1997-02-06 08:38:37'),(70,149,11,17,37,'1988-04-29 21:53:15','2000-05-20 21:35:29'),(71,276,15,24,31,'1979-02-24 22:50:40','1990-01-10 22:06:37'),(72,299,35,24,2,'1974-01-01 12:06:20','1979-06-10 18:02:31'),(73,80,33,50,35,'2006-10-07 10:54:12','2009-09-11 06:14:35'),(74,12,46,3,23,'1971-10-07 02:12:22','1999-10-22 18:59:00'),(75,193,14,16,4,'1976-08-05 15:53:25','2002-02-23 05:40:49'),(76,143,45,34,8,'1996-08-28 04:44:53','2001-03-26 23:26:40'),(77,247,20,33,35,'2014-05-30 19:28:28','2014-05-30 19:28:28'),(78,44,29,3,29,'2004-09-27 01:56:53','2007-09-06 16:45:11'),(79,113,18,45,23,'2015-08-18 09:46:52','2015-08-18 09:46:52'),(80,195,46,32,4,'2013-06-01 04:47:22','2013-06-01 04:47:22'),(81,25,48,33,47,'1991-02-08 19:27:46','1991-02-08 19:27:46'),(82,169,42,30,24,'1990-11-21 00:20:17','1990-11-21 00:20:17'),(83,224,7,6,27,'1984-08-15 09:52:38','2017-03-18 01:38:58'),(84,187,29,2,15,'1989-11-25 16:57:23','1989-11-25 16:57:23'),(85,149,18,7,40,'1985-12-27 21:34:09','2007-07-17 06:05:28'),(86,166,46,29,45,'2015-08-29 22:42:34','2018-01-23 08:05:34'),(87,230,8,8,17,'2008-06-06 16:46:06','2008-06-06 16:46:06'),(88,177,28,17,8,'1994-09-07 01:20:08','2006-04-07 01:12:11'),(89,282,6,21,13,'2009-07-06 05:06:30','2009-07-06 05:06:30'),(90,121,23,37,13,'2002-01-17 12:22:00','2003-08-11 14:15:20'),(91,223,3,34,25,'1993-09-27 20:07:05','1993-09-27 20:07:05'),(92,213,18,34,6,'1995-06-05 17:47:00','2003-08-19 13:25:38'),(93,291,25,14,17,'1991-05-22 15:38:05','2012-05-11 17:01:49'),(94,22,40,47,38,'1985-03-01 23:40:40','2011-02-28 07:48:27'),(95,99,30,10,35,'1975-02-09 21:45:11','1990-03-14 19:25:22'),(96,8,26,28,6,'1974-03-16 09:53:27','1990-04-02 08:19:22'),(97,63,38,44,3,'1985-02-02 22:14:08','1994-06-19 03:22:09'),(98,154,16,22,46,'1993-04-10 03:25:11','1993-04-10 03:25:11'),(99,180,43,30,6,'1991-10-21 05:08:02','1991-10-21 05:08:02'),(100,109,26,46,23,'1971-01-16 14:43:36','1973-06-26 03:49:36'),(101,66,27,18,32,'1987-10-02 11:42:24','2003-01-22 23:03:50'),(102,119,32,10,13,'1990-03-12 19:40:30','2016-10-28 03:57:57'),(103,166,40,16,30,'1985-08-02 11:26:44','1988-12-31 01:25:47'),(104,231,32,48,7,'1983-06-19 22:57:56','1983-06-19 22:57:56'),(105,3,25,25,20,'1999-05-10 06:27:11','2014-09-09 22:04:31'),(106,122,28,3,49,'2018-03-25 01:37:40','2018-03-25 01:37:40'),(107,25,13,50,42,'1975-08-25 14:53:46','1975-08-25 14:53:46'),(108,170,11,45,14,'1976-02-22 01:22:19','2017-06-28 14:18:16'),(109,140,48,43,48,'1994-02-14 03:04:37','1994-02-14 03:04:37'),(110,151,49,17,37,'1997-06-01 17:12:46','2014-12-19 11:39:56'),(111,35,42,49,9,'1978-10-03 03:31:42','2015-03-01 06:48:41'),(112,171,21,9,34,'1986-10-07 23:15:55','1986-10-07 23:15:55'),(113,293,33,5,13,'1998-02-15 12:24:23','2007-12-10 12:29:57'),(114,57,23,8,38,'2012-06-23 18:03:52','2012-06-23 18:03:52'),(115,171,50,12,21,'2015-12-08 15:41:03','2015-12-08 15:41:03'),(116,208,44,26,21,'1983-03-21 01:05:27','2000-03-14 16:56:43'),(117,3,9,35,28,'2003-11-17 16:04:45','2017-01-27 13:29:08'),(118,200,21,24,13,'1978-01-29 02:09:04','2007-08-05 06:04:32'),(119,83,9,22,38,'1973-03-16 13:04:23','2006-06-03 18:56:21'),(120,169,50,34,9,'2017-01-31 03:15:13','2019-11-18 05:50:22'),(121,169,46,18,19,'1993-06-09 02:04:37','1993-06-09 02:04:37'),(122,210,47,17,44,'2008-02-03 19:22:10','2008-02-03 19:22:10'),(123,60,1,31,22,'2008-07-30 09:56:55','2008-07-30 09:56:55'),(124,177,46,4,45,'2000-05-20 05:24:25','2001-09-27 06:42:01'),(125,246,42,43,22,'1996-01-10 06:58:00','2012-06-19 21:32:55'),(126,205,21,37,21,'2017-04-14 15:11:15','2017-04-14 15:11:15'),(127,167,30,17,37,'1979-03-20 01:28:43','2010-06-15 21:19:27'),(128,93,44,47,25,'2004-04-14 12:32:39','2004-04-14 12:32:39'),(129,135,44,7,48,'2001-02-26 23:13:53','2001-02-26 23:13:53'),(130,113,49,30,24,'1976-01-08 23:54:17','2014-01-22 03:27:44'),(131,180,46,9,28,'2000-02-19 20:52:38','2013-04-12 13:10:41'),(132,77,20,47,45,'2007-01-29 00:10:03','2007-01-29 00:10:03'),(133,181,24,18,10,'1978-08-09 21:18:31','1990-04-04 16:19:09'),(134,253,41,46,43,'1985-08-27 12:33:35','1985-08-27 12:33:35'),(135,151,46,9,11,'2002-08-29 08:24:36','2002-08-29 08:24:36'),(136,217,5,48,47,'1991-02-01 01:34:21','1991-02-01 01:34:21'),(137,41,3,6,13,'1999-09-18 05:27:07','2010-05-16 23:16:15'),(138,135,24,20,31,'2018-06-12 00:23:52','2018-06-12 00:23:52'),(139,168,37,10,46,'1971-01-20 08:34:02','1977-01-22 18:37:30'),(140,297,35,30,47,'1987-10-03 22:52:26','2009-07-04 19:31:52'),(141,194,17,17,16,'2004-11-09 09:37:11','2004-11-09 09:37:11'),(142,196,32,14,7,'2002-05-01 20:59:26','2002-05-01 20:59:26'),(143,48,46,43,13,'2005-07-25 13:49:39','2005-07-25 13:49:39'),(144,282,39,48,25,'2018-04-22 12:35:01','2018-04-22 12:35:01'),(145,122,23,45,5,'2007-04-12 15:23:34','2015-10-23 16:56:04'),(146,267,49,30,47,'1982-09-01 14:06:20','2000-08-09 15:12:42'),(147,222,44,6,47,'1993-01-17 12:34:55','2000-06-01 03:51:44'),(148,50,1,28,41,'2017-07-14 05:15:36','2017-07-14 05:15:36'),(149,53,25,12,16,'1975-12-08 18:55:45','2002-02-02 17:27:04'),(150,225,13,7,28,'1985-04-12 08:35:20','2014-05-22 05:10:45'),(151,94,41,3,11,'1986-09-09 07:14:01','1992-01-31 20:16:28'),(152,167,15,26,15,'1981-09-11 13:28:36','1981-09-11 13:28:36'),(153,283,13,35,50,'1977-07-09 21:26:35','1998-05-14 00:00:58'),(154,282,16,40,14,'1985-02-17 16:49:27','1985-02-17 16:49:27'),(155,286,21,10,40,'1972-10-08 04:59:49','2000-08-28 23:47:27'),(156,3,17,29,25,'1997-04-12 16:38:42','2007-11-15 12:13:10'),(157,60,48,7,10,'1973-12-29 20:48:00','1993-11-29 13:58:04'),(158,3,30,3,49,'1999-09-07 23:45:53','1999-09-07 23:45:53'),(159,125,18,33,32,'1971-02-22 08:15:15','2008-07-12 03:39:15'),(160,50,11,20,40,'1970-12-11 07:50:12','1979-11-19 05:04:46'),(161,75,13,2,2,'1971-06-04 07:05:06','1985-04-09 20:18:53'),(162,55,5,26,27,'2007-07-06 01:33:25','2007-07-06 01:33:25'),(163,156,47,22,34,'2002-01-10 20:34:04','2002-01-10 20:34:04'),(164,174,23,10,44,'2017-08-15 04:13:23','2017-08-15 04:13:23'),(165,236,34,39,35,'1989-03-11 08:51:00','2019-12-02 22:28:58'),(166,225,47,23,20,'1972-07-28 23:49:46','2014-11-14 21:31:03'),(167,246,25,8,14,'2005-01-13 09:00:43','2005-01-13 09:00:43'),(168,289,35,2,13,'2010-10-23 02:34:05','2010-10-23 02:34:05'),(169,291,23,42,41,'2009-12-20 01:08:07','2009-12-20 01:08:07'),(170,34,35,48,50,'2013-04-06 22:49:36','2013-04-06 22:49:36'),(171,73,9,49,26,'2006-03-01 16:31:23','2006-03-01 16:31:23'),(172,153,19,36,39,'2010-05-22 15:40:01','2010-05-22 15:40:01'),(173,49,28,1,5,'1977-09-25 07:28:47','2003-08-13 07:09:05'),(174,173,12,22,27,'2018-06-25 07:43:51','2018-06-25 07:43:51'),(175,241,33,1,17,'1985-11-06 04:22:06','1985-11-06 04:22:06'),(176,266,41,36,13,'2009-11-25 00:27:35','2009-11-25 00:27:35'),(177,289,30,33,1,'1987-07-27 12:56:41','1991-01-28 19:07:32'),(178,157,36,16,33,'2010-08-14 20:52:09','2011-06-23 21:36:28'),(179,3,18,44,13,'1993-11-27 14:15:07','1993-11-27 14:15:07'),(180,140,36,1,31,'1990-12-28 15:33:40','2019-02-25 10:00:48'),(181,295,29,23,15,'1998-10-28 06:01:26','1998-10-28 06:01:26'),(182,270,21,30,24,'2006-03-24 00:34:39','2006-03-24 00:34:39'),(183,78,21,16,33,'1993-10-31 01:21:54','2000-01-16 19:57:05'),(184,120,8,25,2,'1992-08-08 15:00:25','2008-06-19 14:15:59'),(185,293,25,8,40,'2005-10-30 02:20:10','2005-10-30 02:20:10'),(186,92,42,2,29,'2003-08-16 03:38:37','2003-08-16 03:38:37'),(187,151,25,8,43,'1996-04-29 10:03:08','2002-04-28 12:23:01'),(188,173,37,41,39,'2001-03-16 14:31:54','2011-06-13 00:47:07'),(189,56,35,8,44,'1993-01-12 15:40:40','1993-01-12 15:40:40'),(190,207,35,50,39,'2005-06-23 06:36:43','2005-06-23 06:36:43'),(191,207,31,25,28,'2011-03-12 14:34:18','2011-03-12 14:34:18'),(192,240,31,8,8,'1984-04-24 19:27:53','2006-07-06 22:42:17'),(193,253,30,34,36,'1978-09-09 18:41:51','1983-06-20 12:43:22'),(194,133,7,50,36,'1972-07-22 07:46:34','1992-09-21 13:03:00'),(195,228,31,42,16,'1970-07-20 09:02:44','1999-11-07 00:20:59'),(196,34,45,13,18,'1988-11-26 17:28:20','2013-07-10 16:26:24'),(197,105,31,20,8,'2007-03-14 02:29:07','2019-05-02 00:54:25'),(198,239,34,17,48,'2010-10-29 02:14:41','2010-10-29 02:14:41'),(199,239,18,14,10,'1970-11-16 06:52:21','2015-03-01 21:44:53'),(200,290,22,2,44,'2018-09-19 13:19:42','2018-09-19 13:19:42'),(201,81,38,47,48,'1988-07-01 08:03:16','1997-01-02 17:00:15'),(202,61,21,19,16,'2007-04-03 10:25:38','2014-06-28 10:45:04'),(203,106,28,30,34,'1996-11-01 01:01:21','1996-11-01 01:01:21'),(204,246,15,30,50,'2001-08-19 11:45:02','2001-08-19 11:45:02'),(205,265,10,31,22,'2015-09-26 12:08:52','2015-09-26 12:08:52'),(206,7,2,40,10,'2019-05-05 21:23:13','2019-05-05 21:23:13'),(207,233,30,35,38,'2017-10-20 01:48:36','2017-10-20 01:48:36'),(208,116,14,47,34,'2003-08-29 00:51:14','2003-08-29 00:51:14'),(209,199,43,8,27,'2005-04-27 17:20:07','2005-04-27 17:20:07'),(210,178,13,31,23,'2012-02-01 01:48:02','2012-02-01 01:48:02'),(211,50,24,29,7,'1992-05-24 03:09:35','2005-11-22 16:00:13'),(212,32,10,47,4,'1989-05-16 02:20:31','2007-05-31 21:24:08'),(213,160,37,3,20,'1997-01-18 08:49:42','2011-03-31 15:43:59'),(214,292,46,48,19,'2013-07-18 18:12:46','2013-11-29 13:50:24'),(215,20,4,37,9,'2014-09-11 06:18:06','2014-09-11 06:18:06'),(216,29,13,10,50,'1986-11-13 07:28:56','2011-10-17 09:47:53'),(217,293,2,5,36,'1991-02-12 14:19:56','1996-04-02 04:02:44'),(218,260,22,5,47,'2011-10-26 06:19:58','2011-10-26 06:19:58'),(219,237,41,34,42,'1985-01-14 17:06:03','1985-01-14 17:06:03'),(220,152,24,12,4,'1992-11-14 10:42:30','1992-11-14 10:42:30'),(221,126,46,22,40,'2017-11-20 10:26:26','2017-11-20 10:26:26'),(222,205,33,24,19,'2010-04-24 21:34:47','2010-04-24 21:34:47'),(223,52,46,20,15,'2013-02-04 22:01:53','2013-02-04 22:01:53'),(224,27,18,19,3,'2000-09-09 23:19:43','2000-09-09 23:19:43'),(225,176,7,17,25,'2008-03-11 02:36:22','2008-03-11 02:36:22'),(226,138,29,29,18,'1990-06-15 03:06:03','2005-04-15 05:47:15'),(227,53,25,43,40,'1995-05-27 15:33:21','2001-07-13 21:32:05'),(228,84,39,38,8,'1976-09-11 08:09:24','1976-09-11 08:09:24'),(229,62,47,41,44,'1992-03-17 07:50:41','2008-06-08 01:21:45'),(230,4,11,3,42,'1992-11-22 03:10:33','1992-11-22 03:10:33'),(231,172,23,32,27,'1999-01-02 21:03:29','2005-06-21 17:38:19'),(232,32,44,30,5,'1993-12-30 19:47:56','1993-12-30 19:47:56'),(233,1,45,24,40,'1997-02-20 08:44:19','1997-02-20 08:44:19'),(234,201,1,24,31,'2013-02-09 07:06:15','2013-02-09 07:06:15'),(235,223,48,47,12,'1999-07-11 05:58:55','1999-07-11 05:58:55'),(236,26,32,7,13,'1974-05-10 17:38:24','2017-12-02 23:05:08'),(237,282,41,39,44,'1981-10-15 21:43:16','1984-02-27 23:54:32'),(238,176,42,39,20,'1987-04-24 04:26:23','1994-06-10 12:48:56'),(239,14,20,38,25,'1978-09-15 06:19:10','1995-09-07 04:22:56'),(240,98,19,37,37,'1980-12-21 12:06:10','2007-08-28 17:28:31'),(241,222,47,9,22,'2013-09-18 19:09:54','2013-09-18 19:09:54'),(242,103,6,23,13,'1986-04-19 14:27:23','1987-05-12 20:57:53'),(243,137,21,37,5,'1985-11-20 09:12:32','2019-06-11 23:34:39'),(244,126,32,42,17,'2001-10-31 00:33:22','2002-06-14 05:34:23'),(245,11,22,47,18,'1995-06-07 01:04:02','2005-07-29 11:07:50'),(246,134,35,32,15,'1998-04-02 09:30:32','1998-04-02 09:30:32'),(247,82,28,22,21,'2004-03-21 16:30:21','2004-03-21 16:30:21'),(248,194,49,38,29,'1995-04-03 01:55:00','1999-10-18 07:16:38'),(249,98,46,9,16,'2001-01-06 03:27:54','2006-04-14 01:20:34'),(250,215,1,28,35,'2006-06-30 14:58:48','2006-06-30 14:58:48'),(251,172,19,3,33,'2000-11-18 10:19:52','2000-11-18 10:19:52'),(252,27,3,41,9,'1972-11-01 01:19:28','2011-03-23 15:38:50'),(253,39,3,47,1,'1990-10-26 03:41:19','1990-10-26 03:41:19'),(254,99,40,2,13,'1988-12-31 17:02:39','1988-12-31 17:02:39'),(255,31,33,46,15,'2005-10-15 21:15:06','2005-10-15 21:15:06'),(256,91,45,8,33,'1980-03-07 13:46:52','2000-05-30 20:56:16'),(257,206,28,18,41,'1973-03-22 02:06:58','1973-12-11 13:21:28'),(258,200,39,23,19,'2019-09-01 15:15:54','2019-09-01 15:15:54'),(259,69,34,10,45,'2002-01-25 06:37:40','2002-01-25 06:37:40'),(260,199,5,43,26,'1984-10-13 10:35:41','2008-09-07 23:19:44'),(261,8,41,42,34,'2010-10-25 00:09:17','2010-10-25 00:09:17'),(262,68,19,47,20,'1987-04-13 12:00:10','2017-10-10 01:22:03'),(263,231,22,25,38,'1997-06-16 14:01:58','1997-06-16 14:01:58'),(264,298,14,6,18,'2002-11-04 07:32:00','2004-11-18 18:47:52'),(265,117,34,2,26,'1975-02-07 23:57:06','1988-08-03 08:50:01'),(266,261,23,25,34,'1998-07-21 01:26:12','1998-07-21 01:26:12'),(267,287,47,14,14,'2007-01-13 05:45:37','2007-01-13 05:45:37'),(268,44,14,45,31,'2012-04-13 20:05:13','2016-05-23 04:56:42'),(269,267,36,42,39,'1991-07-12 17:18:49','1991-07-12 17:18:49'),(270,166,44,49,11,'1999-12-03 10:59:47','2011-11-06 18:07:57'),(271,295,38,1,50,'2007-06-28 05:43:38','2008-10-21 02:30:22'),(272,70,15,38,18,'1973-04-30 14:55:16','1976-07-17 08:09:42'),(273,287,8,29,14,'2000-05-23 20:38:09','2000-05-23 20:38:09'),(274,282,45,37,17,'1987-02-14 02:46:30','2006-01-13 15:14:11'),(275,176,12,45,41,'1993-11-13 11:58:24','1995-10-06 11:05:00'),(276,193,12,21,22,'2014-06-15 06:50:58','2014-06-15 06:50:58'),(277,209,19,49,44,'2013-05-23 16:07:24','2015-03-03 08:57:44'),(278,195,45,25,13,'2011-10-13 05:53:56','2011-10-13 05:53:56'),(279,173,35,14,17,'1976-08-19 12:35:47','1995-11-07 09:26:21'),(280,135,49,33,18,'2002-05-02 01:01:32','2002-05-02 01:01:32'),(281,83,38,39,23,'1983-08-24 14:17:24','2006-02-05 16:22:42'),(282,275,28,21,32,'2008-03-11 19:46:43','2008-03-11 19:46:43'),(283,108,46,49,19,'2001-02-21 01:50:25','2001-02-21 01:50:25'),(284,171,28,39,24,'1986-08-19 00:34:14','2010-08-17 01:33:00'),(285,4,30,43,5,'2008-03-25 12:13:42','2008-03-25 12:13:42'),(286,111,37,30,42,'2009-12-06 16:33:40','2009-12-06 16:33:40'),(287,58,17,3,28,'2004-07-29 15:31:47','2004-07-29 15:31:47'),(288,103,22,50,47,'1989-11-22 00:34:15','2001-02-12 15:20:19'),(289,205,33,6,21,'1983-11-11 11:19:41','2016-01-29 22:55:17'),(290,150,3,4,37,'1997-02-25 03:19:54','1997-02-25 03:19:54'),(291,235,39,15,12,'2018-05-24 05:17:27','2019-08-13 16:43:20'),(292,150,29,31,50,'2010-12-17 14:17:48','2010-12-17 14:17:48'),(293,192,48,15,33,'1979-12-25 10:07:53','2007-10-22 00:20:29'),(294,41,5,10,13,'2019-07-10 01:54:38','2019-07-10 01:54:38'),(295,39,26,16,22,'2016-09-18 04:49:39','2016-09-18 04:49:39'),(296,257,36,32,33,'2010-03-23 21:14:08','2010-03-23 21:14:08'),(297,193,34,46,7,'2002-08-03 23:22:14','2002-08-03 23:22:14'),(298,168,4,30,31,'2007-04-19 11:37:48','2007-04-19 11:37:48'),(299,150,49,28,4,'2004-03-27 22:56:25','2004-03-27 22:56:25'),(300,106,8,33,37,'1984-10-30 08:02:11','1984-10-30 08:02:11');
/*!40000 ALTER TABLE `activities` ENABLE KEYS */;
UNLOCK TABLES;

--
-- Table structure for table `carts`
--

DROP TABLE IF EXISTS `carts`;
/*!40101 SET @saved_cs_client     = @@character_set_client */;
/*!40101 SET character_set_client = utf8 */;
CREATE TABLE `carts` (
  `id` int(10) unsigned NOT NULL AUTO_INCREMENT,
  `user_id` int(10) unsigned NOT NULL,
  `product_id` int(10) unsigned NOT NULL,
  `counts` int(10) unsigned NOT NULL COMMENT 'Кол-во товара',
  `created_at` datetime DEFAULT CURRENT_TIMESTAMP,
  `updated_at` datetime DEFAULT CURRENT_TIMESTAMP ON UPDATE CURRENT_TIMESTAMP,
  PRIMARY KEY (`id`),
  KEY `carts_user_id_fk` (`user_id`),
  KEY `carts_product_id_fk` (`product_id`),
  CONSTRAINT `carts_product_id_fk` FOREIGN KEY (`product_id`) REFERENCES `products` (`id`),
  CONSTRAINT `carts_user_id_fk` FOREIGN KEY (`user_id`) REFERENCES `users` (`id`)
) ENGINE=InnoDB AUTO_INCREMENT=101 DEFAULT CHARSET=utf8 COMMENT='Корзина';
/*!40101 SET character_set_client = @saved_cs_client */;

--
-- Dumping data for table `carts`
--

LOCK TABLES `carts` WRITE;
/*!40000 ALTER TABLE `carts` DISABLE KEYS */;
INSERT INTO `carts` VALUES (1,17,27,5,'1977-07-16 04:48:21','2020-02-18 23:18:22'),(2,116,19,3,'1995-10-03 02:15:00','2020-02-18 23:18:22'),(3,231,12,10,'2013-08-24 00:46:32','2020-02-18 23:18:22'),(4,206,3,4,'2016-01-03 13:57:57','2020-02-18 23:18:22'),(5,34,29,9,'2011-12-25 10:46:03','2020-02-18 23:18:22'),(6,155,35,9,'1975-01-17 02:11:23','2020-02-18 23:18:22'),(7,69,40,9,'1994-09-05 05:48:15','2020-02-18 23:18:22'),(8,182,42,10,'1985-09-21 04:01:20','2020-02-18 23:18:22'),(9,102,38,10,'1978-10-03 16:21:00','2020-02-18 23:18:22'),(10,261,16,10,'1973-04-06 07:52:39','2020-02-18 23:18:22'),(11,101,16,3,'1977-10-29 21:23:04','2020-02-18 23:18:22'),(12,21,29,2,'1998-03-28 05:00:53','2020-02-18 23:18:22'),(13,103,50,8,'2016-02-05 06:00:45','2020-02-18 23:18:22'),(14,149,10,7,'1984-12-09 02:23:26','2020-02-18 23:18:22'),(15,135,50,5,'2015-11-26 13:35:33','2020-02-18 23:18:22'),(16,228,18,9,'2019-01-09 10:45:11','2020-02-18 23:18:22'),(17,136,42,1,'1975-07-12 11:35:43','2020-02-18 23:18:22'),(18,294,4,8,'2002-04-08 08:02:11','2020-02-18 23:18:22'),(19,163,42,4,'1989-05-14 16:49:50','2020-02-18 23:18:22'),(20,232,49,8,'1995-03-04 00:42:51','2020-02-18 23:18:22'),(21,70,18,6,'2012-09-02 00:38:40','2020-02-18 23:18:22'),(22,253,42,4,'1982-05-27 12:36:22','2020-02-18 23:18:22'),(23,154,5,10,'1993-12-30 08:09:59','2020-02-18 23:18:22'),(24,11,50,3,'1976-07-21 10:02:43','2020-02-18 23:18:22'),(25,192,33,1,'2013-05-09 12:51:26','2020-02-18 23:18:22'),(26,27,15,4,'1990-12-27 15:49:50','2020-02-18 23:18:22'),(27,157,27,4,'1992-04-02 15:55:59','2020-02-18 23:17:20'),(28,103,40,2,'2015-05-25 16:30:22','2020-02-18 23:18:22'),(29,45,16,7,'1995-08-13 08:04:02','2020-02-18 23:18:22'),(30,214,11,7,'2010-04-29 12:27:44','2020-02-18 23:18:22'),(31,36,5,10,'2014-07-26 07:18:42','2020-02-18 23:18:22'),(32,136,41,4,'2007-12-20 07:49:55','2020-02-18 23:18:22'),(33,273,38,4,'2014-01-05 02:07:01','2020-02-18 23:18:22'),(34,57,20,6,'1997-02-13 05:41:29','2020-02-18 23:18:22'),(35,65,33,2,'2008-06-24 13:29:02','2020-02-18 23:18:22'),(36,155,5,9,'2005-04-14 00:01:52','2020-02-18 23:18:22'),(37,277,27,8,'1977-04-16 07:21:00','2020-02-18 23:18:22'),(38,21,20,2,'1993-09-21 16:11:40','2020-02-18 23:18:22'),(39,173,19,1,'1984-08-20 16:41:27','2020-02-18 23:18:22'),(40,200,34,5,'2007-10-23 15:27:05','2020-02-18 23:18:22'),(41,180,11,6,'2007-04-19 05:01:50','2020-02-18 23:18:22'),(42,2,2,9,'1978-06-21 13:10:00','2020-02-18 23:18:22'),(43,69,28,3,'2017-05-13 17:24:33','2020-02-18 23:18:22'),(44,37,31,10,'1979-03-21 16:46:42','2020-02-18 23:18:22'),(45,277,23,7,'2019-09-12 14:23:57','2020-02-18 23:18:22'),(46,72,21,1,'1972-07-13 14:49:06','2020-02-18 23:18:22'),(47,132,34,3,'1997-08-26 20:55:11','2020-02-18 23:18:22'),(48,143,6,1,'1979-03-09 11:21:09','2020-02-18 23:18:22'),(49,17,30,5,'1998-05-01 19:33:32','2020-02-18 23:18:22'),(50,256,29,9,'1975-07-27 12:57:40','2020-02-18 23:18:22'),(51,29,4,9,'1992-07-01 02:50:34','2020-02-18 23:18:22'),(52,274,32,1,'2016-03-07 16:10:44','2020-02-18 23:18:22'),(53,85,50,10,'1970-03-20 11:12:10','2020-02-18 23:18:22'),(54,203,2,10,'2015-01-29 12:42:25','2020-02-18 23:18:22'),(55,160,10,1,'1995-08-03 09:08:13','2020-02-18 23:18:22'),(56,190,44,4,'2007-09-06 14:51:03','2020-02-18 23:18:22'),(57,171,41,3,'2018-03-29 10:43:51','2020-02-18 23:18:22'),(58,282,19,5,'2000-10-21 04:32:20','2020-02-18 23:18:22'),(59,297,24,9,'1984-10-16 12:49:39','2020-02-18 23:18:22'),(60,41,12,9,'2012-07-04 12:32:01','2020-02-18 23:18:22'),(61,210,36,10,'2016-06-15 23:02:02','2020-02-18 23:18:22'),(62,29,43,3,'1980-09-11 00:37:01','2020-02-18 23:18:22'),(63,114,8,7,'1991-06-16 08:39:10','2020-02-18 23:18:22'),(64,184,12,10,'1992-07-07 02:29:38','2020-02-18 23:18:22'),(65,277,35,2,'1976-02-15 15:08:54','2020-02-18 23:18:22'),(66,231,38,10,'1977-03-17 06:56:58','2020-02-18 23:18:22'),(67,26,36,9,'1994-10-20 07:45:48','2020-02-18 23:18:22'),(68,34,12,3,'2003-09-13 13:49:55','2020-02-18 23:18:22'),(69,92,5,6,'1991-06-23 09:11:30','2020-02-18 23:18:22'),(70,56,38,10,'2015-11-21 14:12:35','2020-02-18 23:18:22'),(71,6,26,1,'1979-09-20 19:49:04','2020-02-18 23:18:22'),(72,160,13,5,'2013-04-22 05:48:51','2020-02-18 23:18:22'),(73,182,37,1,'2000-07-21 23:06:43','2020-02-18 23:18:22'),(74,128,46,9,'1987-06-15 05:43:51','2020-02-18 23:18:22'),(75,93,19,9,'1986-03-02 23:02:53','2020-02-18 23:18:22'),(76,80,6,5,'2009-05-25 03:10:39','2020-02-18 23:18:22'),(77,121,21,7,'1998-09-04 14:56:19','2020-02-18 23:18:22'),(78,66,39,4,'2019-10-07 09:50:18','2020-02-18 23:18:22'),(79,264,30,4,'1988-05-11 04:54:58','2020-02-18 23:18:22'),(80,221,32,4,'2000-07-31 18:12:35','2020-02-18 23:18:22'),(81,14,18,1,'2016-08-02 14:11:35','2020-02-18 23:18:22'),(82,7,46,3,'1978-01-03 01:26:56','2020-02-18 23:18:22'),(83,292,25,2,'1976-06-24 02:44:56','2020-02-18 23:18:22'),(84,236,36,5,'2011-07-15 12:11:59','2020-02-18 23:18:22'),(85,7,6,10,'2002-07-03 15:53:41','2020-02-18 23:18:22'),(86,226,21,5,'1973-01-05 00:05:03','2020-02-18 23:18:22'),(87,210,38,9,'2004-03-09 08:31:26','2020-02-18 23:18:22'),(88,69,26,7,'1992-05-23 01:09:36','2020-02-18 23:18:22'),(89,14,15,4,'2015-06-14 20:10:52','2020-02-18 23:18:22'),(90,165,47,7,'1982-06-28 17:15:19','2020-02-18 23:18:22'),(91,183,37,10,'1978-03-28 00:51:18','2020-02-18 23:18:22'),(92,119,45,4,'1988-04-17 15:59:02','2020-02-18 23:18:22'),(93,45,14,1,'1999-08-09 02:57:17','2020-02-18 23:18:22'),(94,166,36,7,'2009-01-25 23:20:25','2020-02-18 23:18:22'),(95,95,35,6,'1976-03-18 19:17:36','2020-02-18 23:18:22'),(96,278,15,6,'2005-12-08 19:01:49','2020-02-18 23:18:22'),(97,203,23,6,'2004-01-31 21:22:48','2020-02-18 23:18:22'),(98,181,17,7,'2006-08-17 20:34:03','2020-02-18 23:18:22'),(99,294,16,7,'1995-01-21 15:51:19','2020-02-18 23:18:22'),(100,28,29,3,'1981-11-12 00:07:53','2020-02-18 23:18:22');
/*!40000 ALTER TABLE `carts` ENABLE KEYS */;
UNLOCK TABLES;

--
-- Table structure for table `catalogs`
--

DROP TABLE IF EXISTS `catalogs`;
/*!40101 SET @saved_cs_client     = @@character_set_client */;
/*!40101 SET character_set_client = utf8 */;
CREATE TABLE `catalogs` (
  `id` int(10) unsigned NOT NULL AUTO_INCREMENT,
  `name` varchar(255) NOT NULL COMMENT 'Название раздела',
  PRIMARY KEY (`id`),
  UNIQUE KEY `name` (`name`)
) ENGINE=InnoDB AUTO_INCREMENT=6 DEFAULT CHARSET=utf8 COMMENT='Разделы интернет-магазина';
/*!40101 SET character_set_client = @saved_cs_client */;

--
-- Dumping data for table `catalogs`
--

LOCK TABLES `catalogs` WRITE;
/*!40000 ALTER TABLE `catalogs` DISABLE KEYS */;
INSERT INTO `catalogs` VALUES (4,'Appliances'),(3,'Auto and motorcycle products'),(2,'Computers and peripherals'),(1,'Electronics'),(5,'Household products');
/*!40000 ALTER TABLE `catalogs` ENABLE KEYS */;
UNLOCK TABLES;

--
-- Table structure for table `categories`
--

DROP TABLE IF EXISTS `categories`;
/*!40101 SET @saved_cs_client     = @@character_set_client */;
/*!40101 SET character_set_client = utf8 */;
CREATE TABLE `categories` (
  `id` int(10) unsigned NOT NULL AUTO_INCREMENT,
  `catalog_id` int(10) unsigned NOT NULL,
  `name` varchar(255) NOT NULL COMMENT 'Категории товара',
  PRIMARY KEY (`id`),
  UNIQUE KEY `name` (`name`),
  KEY `category_catalog_id_fk` (`catalog_id`),
  KEY `categories_name_idx` (`name`),
  CONSTRAINT `category_catalog_id_fk` FOREIGN KEY (`catalog_id`) REFERENCES `catalogs` (`id`)
) ENGINE=InnoDB AUTO_INCREMENT=26 DEFAULT CHARSET=utf8 COMMENT='Категории разделов интернет-магазина';
/*!40101 SET character_set_client = @saved_cs_client */;

--
-- Dumping data for table `categories`
--

LOCK TABLES `categories` WRITE;
/*!40000 ALTER TABLE `categories` DISABLE KEYS */;
INSERT INTO `categories` VALUES (1,1,'Smartphones'),(2,1,'Mobile phones'),(3,1,'Smartwatch'),(4,1,'Digital players'),(5,1,'E-ink'),(6,2,'Notebook'),(7,2,'System unit'),(8,2,'Video cards'),(9,2,'Memory'),(10,2,'SSD and HDD'),(11,3,'Summer tires'),(12,3,'Winter tires'),(13,3,'All season tires'),(14,3,'Wheels'),(15,3,'Filters and Oils'),(16,4,'Refrigerators'),(17,4,'Wine racks'),(18,4,'Washing machines'),(19,4,'Tumble dryers'),(20,4,'Gas stoves'),(21,5,'Pans'),(22,5,'Frying pans'),(23,5,'Knives'),(24,5,'Kitchen utensilss'),(25,5,'Built-in appliances');
/*!40000 ALTER TABLE `categories` ENABLE KEYS */;
UNLOCK TABLES;

--
-- Table structure for table `cities`
--

DROP TABLE IF EXISTS `cities`;
/*!40101 SET @saved_cs_client     = @@character_set_client */;
/*!40101 SET character_set_client = utf8 */;
CREATE TABLE `cities` (
  `id` int(10) unsigned NOT NULL AUTO_INCREMENT,
  `name` varchar(255) NOT NULL COMMENT 'Город',
  PRIMARY KEY (`id`),
  UNIQUE KEY `name` (`name`),
  KEY `cities_name_idx` (`name`)
) ENGINE=InnoDB AUTO_INCREMENT=31 DEFAULT CHARSET=utf8 COMMENT='Список городов';
/*!40101 SET character_set_client = @saved_cs_client */;

--
-- Dumping data for table `cities`
--

LOCK TABLES `cities` WRITE;
/*!40000 ALTER TABLE `cities` DISABLE KEYS */;
INSERT INTO `cities` VALUES (10,'Alessandrafurt'),(25,'Alexzanderside'),(29,'Bethtown'),(19,'Borermouth'),(27,'Collinhaven'),(8,'Conroystad'),(26,'Dariushaven'),(15,'Dorismouth'),(13,'Duaneland'),(18,'DuBuqueshire'),(12,'Duncanborough'),(9,'East Adella'),(21,'East Camryntown'),(6,'East Giles'),(24,'East Jonatan'),(2,'Fisherland'),(23,'Lake Glenniehaven'),(5,'Lucianofurt'),(7,'Marilieport'),(1,'McKenzieberg'),(17,'Melyssafurt'),(28,'Muellerberg'),(22,'New Franz'),(16,'New Moriah'),(11,'North Adrain'),(3,'Parkerhaven'),(20,'Port Avaburgh'),(14,'Port Jacynthe'),(30,'West Keshaunport'),(4,'Wildermanborough');
/*!40000 ALTER TABLE `cities` ENABLE KEYS */;
UNLOCK TABLES;

--
-- Table structure for table `discounts`
--

DROP TABLE IF EXISTS `discounts`;
/*!40101 SET @saved_cs_client     = @@character_set_client */;
/*!40101 SET character_set_client = utf8 */;
CREATE TABLE `discounts` (
  `id` int(10) unsigned NOT NULL AUTO_INCREMENT,
  `user_id` int(10) unsigned NOT NULL,
  `product_id` int(10) unsigned NOT NULL,
  `discount` float unsigned DEFAULT NULL COMMENT 'Величина скидки от 0.0 до 1.0',
  `started_at` datetime DEFAULT NULL,
  `finished_at` datetime DEFAULT NULL,
  `created_at` datetime DEFAULT CURRENT_TIMESTAMP,
  `updated_at` datetime DEFAULT CURRENT_TIMESTAMP ON UPDATE CURRENT_TIMESTAMP,
  PRIMARY KEY (`id`),
  KEY `discounts_user_id_fk` (`user_id`),
  KEY `discounts_product_id_fk` (`product_id`),
  CONSTRAINT `discounts_product_id_fk` FOREIGN KEY (`product_id`) REFERENCES `products` (`id`),
  CONSTRAINT `discounts_user_id_fk` FOREIGN KEY (`user_id`) REFERENCES `users` (`id`)
) ENGINE=InnoDB AUTO_INCREMENT=31 DEFAULT CHARSET=utf8 COMMENT='Скидки';
/*!40101 SET character_set_client = @saved_cs_client */;

--
-- Dumping data for table `discounts`
--

LOCK TABLES `discounts` WRITE;
/*!40000 ALTER TABLE `discounts` DISABLE KEYS */;
INSERT INTO `discounts` VALUES (1,263,45,0.4,'2007-06-01 20:14:57','2007-06-08 20:14:57','2007-05-25 20:14:57','2020-02-18 23:19:32'),(2,209,3,0.7,'1975-01-13 11:38:43','1975-01-20 11:38:43','1975-01-06 11:38:43','2020-02-18 23:19:32'),(3,254,32,0.9,'1997-08-06 17:36:53','1997-08-13 17:36:53','1997-07-30 17:36:53','2020-02-18 23:19:32'),(4,45,1,0.7,'2009-02-03 17:58:32','2009-02-10 17:58:32','2009-01-27 17:58:32','2020-02-18 23:19:32'),(5,61,7,0.5,'1982-06-29 01:50:25','1982-07-06 01:50:25','1982-06-22 01:50:25','2020-02-18 23:19:32'),(6,170,31,0.2,'2012-07-06 04:12:04','2012-07-13 04:12:04','2012-06-29 04:12:04','2020-02-18 23:19:32'),(7,67,34,0.2,'2017-12-06 04:23:10','2017-12-13 04:23:10','2017-11-29 04:23:10','2020-02-18 23:19:32'),(8,126,28,0.4,'2009-05-20 06:12:29','2009-05-27 06:12:29','2009-05-13 06:12:29','2020-02-18 23:19:32'),(9,127,37,0.1,'1971-12-17 00:52:39','1971-12-24 00:52:39','1971-12-10 00:52:39','2020-02-18 23:19:32'),(10,258,49,0.7,'1996-10-27 08:19:33','1996-11-03 08:19:33','1996-10-20 08:19:33','2020-02-18 23:19:32'),(11,5,34,0.1,'2017-10-19 19:30:53','2017-10-26 19:30:53','2017-10-12 19:30:53','2020-02-18 23:19:32'),(12,154,21,0.6,'2017-07-16 18:44:09','2017-07-23 18:44:09','2017-07-09 18:44:09','2020-02-18 23:19:32'),(13,153,5,0.2,'1977-07-30 04:16:48','1977-08-06 04:16:48','1977-07-23 04:16:48','2020-02-18 23:19:32'),(14,1,10,0.2,'1972-04-07 06:15:09','1972-04-14 06:15:09','1972-03-31 06:15:09','2020-02-18 23:19:32'),(15,148,36,0.6,'1992-08-29 11:03:33','1992-09-05 11:03:33','1992-08-22 11:03:33','2020-02-18 23:19:32'),(16,136,49,0.2,'2008-10-27 16:52:28','2008-11-03 16:52:28','2008-10-20 16:52:28','2020-02-18 23:19:32'),(17,236,36,0,'1999-01-10 03:15:11','1999-01-17 03:15:11','1999-01-03 03:15:11','2020-02-18 23:19:32'),(18,172,33,0.7,'1998-04-19 15:54:37','1998-04-26 15:54:37','1998-04-12 15:54:37','2020-02-18 23:19:32'),(19,150,8,1,'2014-02-11 07:00:02','2014-02-18 07:00:02','2014-02-04 07:00:02','2020-02-18 23:19:32'),(20,235,37,0.6,'2015-04-09 16:33:27','2015-04-16 16:33:27','2015-04-02 16:33:27','2020-02-18 23:19:32'),(21,124,13,0.8,'1984-12-21 02:29:50','1984-12-28 02:29:50','1984-12-14 02:29:50','2020-02-18 23:19:32'),(22,214,5,0.4,'1980-07-11 17:30:53','1980-07-18 17:30:53','1980-07-04 17:30:53','2020-02-18 23:19:32'),(23,97,34,0.8,'2009-04-30 16:38:18','2009-05-07 16:38:18','2009-04-23 16:38:18','2020-02-18 23:19:32'),(24,145,3,0.6,'2004-07-20 21:46:15','2004-07-27 21:46:15','2004-07-13 21:46:15','2020-02-18 23:19:32'),(25,131,12,0.3,'1993-02-09 14:05:13','1993-02-16 14:05:13','1993-02-02 14:05:13','2020-02-18 23:19:32'),(26,220,3,0.9,'1974-05-17 21:26:43','1974-05-24 21:26:43','1974-05-10 21:26:43','2020-02-18 23:19:32'),(27,105,27,0.6,'1999-09-15 12:36:06','1999-09-22 12:36:06','1999-09-08 12:36:06','2020-02-18 23:19:26'),(28,164,25,0.7,'1989-06-08 19:40:39','1989-06-15 19:40:39','1989-06-01 19:40:39','2020-02-18 23:19:32'),(29,206,44,0.3,'1974-11-25 07:54:59','1974-12-02 07:54:59','1974-11-18 07:54:59','2020-02-18 23:19:32'),(30,237,44,0.8,'1991-05-17 16:34:57','1991-05-24 16:34:57','1991-05-10 16:34:57','2020-02-18 23:19:32');
/*!40000 ALTER TABLE `discounts` ENABLE KEYS */;
UNLOCK TABLES;

--
-- Table structure for table `orders`
--

DROP TABLE IF EXISTS `orders`;
/*!40101 SET @saved_cs_client     = @@character_set_client */;
/*!40101 SET character_set_client = utf8 */;
CREATE TABLE `orders` (
  `id` int(10) unsigned NOT NULL AUTO_INCREMENT,
  `user_id` int(10) unsigned NOT NULL,
  `created_at` datetime DEFAULT CURRENT_TIMESTAMP,
  `updated_at` datetime DEFAULT CURRENT_TIMESTAMP ON UPDATE CURRENT_TIMESTAMP,
  PRIMARY KEY (`id`),
  KEY `orders_user_id_fk` (`user_id`),
  CONSTRAINT `orders_user_id_fk` FOREIGN KEY (`user_id`) REFERENCES `users` (`id`)
) ENGINE=InnoDB AUTO_INCREMENT=701 DEFAULT CHARSET=utf8 COMMENT='Заказы';
/*!40101 SET character_set_client = @saved_cs_client */;

--
-- Dumping data for table `orders`
--

LOCK TABLES `orders` WRITE;
/*!40000 ALTER TABLE `orders` DISABLE KEYS */;
INSERT INTO `orders` VALUES (1,231,'2014-03-01 18:14:35','2020-02-18 23:20:05'),(2,65,'2008-01-31 02:25:36','2020-02-18 23:20:05'),(3,230,'1987-06-08 22:49:05','2020-02-18 23:20:05'),(4,56,'1984-11-25 06:00:57','2020-02-18 23:20:05'),(5,188,'2013-12-25 10:35:46','2020-02-18 23:20:05'),(6,175,'1990-03-05 05:10:07','2020-02-18 23:20:05'),(7,7,'1993-06-16 00:19:26','1993-10-04 20:26:13'),(8,111,'2001-02-15 21:41:55','2020-02-18 23:20:05'),(9,232,'1980-12-17 17:28:56','2020-02-18 23:20:05'),(10,229,'2002-08-31 04:16:26','2020-02-18 23:20:05'),(11,149,'2012-01-12 23:07:43','2020-02-18 23:20:05'),(12,58,'1997-08-03 08:54:38','2020-02-18 23:20:05'),(13,139,'2011-06-29 12:25:00','2020-02-18 23:20:05'),(14,224,'2015-06-01 01:36:14','2020-02-18 23:20:05'),(15,102,'1997-05-23 16:06:01','2020-02-18 23:20:05'),(16,139,'1973-01-07 10:52:40','2020-02-18 23:20:05'),(17,85,'2000-10-23 06:10:06','2020-02-18 23:20:05'),(18,9,'1975-01-28 12:32:25','2020-02-18 23:20:05'),(19,90,'1970-06-09 12:09:31','2020-02-18 23:20:05'),(20,123,'1995-09-29 02:15:05','2020-02-18 23:20:05'),(21,45,'1998-06-14 16:30:23','2020-02-18 23:20:05'),(22,154,'1977-03-12 23:44:33','2020-02-18 23:20:05'),(23,35,'2000-07-15 19:48:33','2020-02-18 23:20:05'),(24,13,'1976-11-03 13:35:54','2020-02-18 23:20:05'),(25,259,'2003-02-16 11:30:44','2020-02-18 23:20:05'),(26,55,'1977-01-26 02:35:43','2020-02-18 23:20:05'),(27,98,'2014-02-25 09:01:22','2020-02-18 23:20:05'),(28,26,'2000-08-21 23:27:15','2020-02-18 23:20:05'),(29,135,'1997-03-06 02:24:56','2020-02-18 23:20:05'),(30,296,'1986-06-10 00:18:32','2020-02-18 23:20:05'),(31,176,'1994-04-11 13:54:08','2020-02-18 23:20:05'),(32,289,'1999-06-15 21:44:02','2020-02-18 23:20:05'),(33,19,'2010-08-31 03:48:18','2020-02-18 23:20:05'),(34,127,'1982-04-15 20:00:59','2020-02-18 23:20:05'),(35,279,'1979-11-08 23:26:23','2020-02-18 23:20:05'),(36,110,'2009-09-18 13:27:39','2020-02-18 23:20:05'),(37,15,'2010-06-28 01:24:12','2020-02-18 23:20:05'),(38,45,'1997-03-24 19:46:03','2020-02-18 23:20:05'),(39,177,'2006-11-03 06:13:05','2020-02-18 23:20:05'),(40,149,'2014-03-22 15:24:20','2020-02-18 23:20:05'),(41,215,'1985-10-11 03:46:38','2020-02-18 23:20:05'),(42,28,'1999-05-03 07:26:31','2020-02-18 23:20:05'),(43,93,'1986-08-20 03:33:31','2020-02-18 23:20:05'),(44,81,'1984-11-08 01:21:00','2020-02-18 23:20:05'),(45,124,'1975-01-09 10:56:33','2020-02-18 23:20:05'),(46,79,'1974-04-30 04:09:27','2020-02-18 23:20:05'),(47,23,'1983-03-03 00:01:36','2020-02-18 23:20:05'),(48,177,'1995-02-19 21:39:37','2020-02-18 23:20:05'),(49,216,'1996-05-15 03:22:56','2020-02-18 23:20:05'),(50,250,'2012-01-24 05:23:18','2020-02-18 23:20:05'),(51,299,'1970-07-05 11:18:29','2020-02-18 23:20:05'),(52,146,'1996-01-06 20:39:11','2020-02-18 23:20:05'),(53,130,'1999-12-22 08:57:05','2020-02-18 23:20:05'),(54,214,'2015-06-03 18:57:33','2020-02-18 23:20:05'),(55,80,'2017-06-03 03:33:52','2020-02-18 23:20:05'),(56,58,'2013-03-26 20:59:10','2020-02-18 23:20:05'),(57,47,'1991-01-09 18:44:33','2020-02-18 23:20:05'),(58,60,'1973-02-11 01:05:13','2020-02-18 23:20:05'),(59,159,'2017-06-01 17:37:23','2020-02-18 23:20:05'),(60,15,'1976-08-13 10:22:18','2020-02-18 23:20:05'),(61,197,'1995-05-06 07:46:55','2020-02-18 23:20:05'),(62,42,'2001-11-09 05:16:26','2020-02-18 23:20:05'),(63,216,'1970-05-15 07:59:07','2020-02-18 23:20:05'),(64,52,'2004-08-19 16:47:01','2020-02-18 23:20:05'),(65,215,'2002-11-15 00:16:05','2020-02-18 23:20:05'),(66,17,'1975-03-13 13:20:51','2020-02-18 23:20:05'),(67,38,'1989-06-01 08:25:51','2020-02-18 23:20:05'),(68,139,'2016-08-23 10:17:15','2020-02-18 23:20:05'),(69,281,'1980-04-13 07:38:32','2020-02-18 23:20:05'),(70,86,'1971-01-04 09:44:30','2020-02-18 23:20:05'),(71,188,'1971-12-11 18:12:36','2020-02-18 23:20:05'),(72,80,'2009-08-29 00:19:14','2020-02-18 23:20:05'),(73,138,'2012-01-19 15:03:06','2020-02-18 23:20:05'),(74,148,'1984-07-06 02:56:43','2020-02-18 23:20:05'),(75,24,'2014-10-06 20:24:14','2020-02-18 23:20:05'),(76,277,'1972-05-19 14:04:07','2020-02-18 23:20:05'),(77,114,'2005-05-23 05:49:11','2020-02-18 23:20:05'),(78,36,'1982-08-31 03:56:03','2020-02-18 23:20:05'),(79,138,'2015-10-17 23:39:33','2020-02-18 23:20:05'),(80,281,'1986-04-29 19:08:34','2020-02-18 23:20:05'),(81,93,'1980-01-19 03:37:52','2020-02-18 23:20:05'),(82,219,'2007-12-30 09:01:11','2020-02-18 23:20:05'),(83,216,'2014-02-13 16:00:25','2020-02-18 23:20:05'),(84,122,'1993-08-05 18:40:23','2020-02-18 23:20:05'),(85,264,'1986-02-06 14:44:04','2020-02-18 23:20:05'),(86,53,'1980-05-06 18:55:18','2020-02-18 23:20:05'),(87,71,'1972-09-16 23:18:12','2020-02-18 23:20:05'),(88,194,'1996-05-11 19:38:14','2020-02-18 23:20:05'),(89,159,'1985-08-07 20:24:24','2020-02-18 23:20:05'),(90,214,'2000-02-08 02:53:06','2020-02-18 23:20:05'),(91,290,'1999-06-04 20:02:01','2020-02-18 23:20:05'),(92,208,'1998-03-28 12:02:37','2020-02-18 23:20:05'),(93,168,'1998-03-09 09:03:32','2020-02-18 23:20:05'),(94,219,'2005-09-19 22:46:25','2020-02-18 23:20:05'),(95,287,'1983-01-15 04:58:19','2020-02-18 23:20:05'),(96,179,'1980-07-16 13:45:30','2020-02-18 23:20:05'),(97,35,'1984-06-05 10:46:31','2020-02-18 23:20:05'),(98,234,'1984-06-15 09:12:28','2020-02-18 23:20:05'),(99,168,'1985-02-27 06:30:41','2020-02-18 23:20:05'),(100,137,'1972-02-13 10:15:53','2020-02-18 23:20:05'),(101,179,'1992-09-25 01:13:55','2020-02-18 23:20:05'),(102,184,'1972-10-21 21:59:59','2020-02-18 23:20:05'),(103,82,'1984-05-19 00:24:00','2020-02-18 23:20:05'),(104,159,'1970-04-08 01:26:41','2020-02-18 23:20:05'),(105,248,'1999-09-18 08:22:20','2020-02-18 23:20:05'),(106,164,'1977-05-21 05:17:04','2020-02-18 23:20:05'),(107,72,'2018-02-16 15:26:29','2020-02-18 23:20:05'),(108,170,'1974-01-09 20:59:34','2020-02-18 23:20:05'),(109,35,'1977-03-24 16:06:14','2020-02-18 23:20:05'),(110,263,'2012-01-22 21:07:07','2020-02-18 23:20:05'),(111,9,'2019-05-11 20:06:58','2020-02-18 23:20:05'),(112,155,'1981-04-11 13:31:29','2020-02-18 23:20:05'),(113,146,'1986-03-08 00:38:21','2020-02-18 23:20:05'),(114,266,'2010-09-20 10:08:54','2020-02-18 23:20:05'),(115,291,'1991-10-18 10:08:14','2020-02-18 23:20:05'),(116,58,'2011-01-27 02:39:38','2020-02-18 23:20:05'),(117,14,'1978-03-03 13:22:27','2020-02-18 23:20:05'),(118,197,'2003-10-29 05:29:06','2020-02-18 23:20:05'),(119,41,'2008-05-18 20:56:14','2020-02-18 23:20:05'),(120,216,'2012-09-12 22:39:27','2020-02-18 23:20:05'),(121,54,'1990-05-18 21:50:10','2020-02-18 23:20:05'),(122,223,'1991-10-01 20:52:48','2020-02-18 23:20:05'),(123,51,'1976-08-26 13:27:23','2020-02-18 23:20:05'),(124,187,'1973-08-21 01:13:56','2020-02-18 23:20:05'),(125,183,'1983-04-29 20:41:24','2020-02-18 23:20:05'),(126,52,'1986-02-02 03:57:17','2020-02-18 23:20:05'),(127,9,'1993-06-13 17:04:49','2020-02-18 23:20:05'),(128,187,'2019-12-20 00:01:39','2020-02-18 23:20:05'),(129,11,'2006-04-08 04:41:39','2020-02-18 23:20:05'),(130,94,'1989-03-15 04:08:28','2020-02-18 23:20:05'),(131,136,'2005-09-10 11:05:09','2020-02-18 23:20:05'),(132,99,'1984-01-27 16:32:37','2020-02-18 23:20:05'),(133,84,'2012-04-27 15:22:33','2020-02-18 23:20:05'),(134,124,'1997-03-19 22:25:38','2020-02-18 23:20:05'),(135,68,'2004-09-20 21:33:03','2020-02-18 23:20:05'),(136,265,'1983-12-09 14:29:17','2020-02-18 23:20:05'),(137,223,'2001-02-16 18:20:41','2020-02-18 23:20:05'),(138,20,'1993-07-29 08:32:34','2020-02-18 23:20:05'),(139,31,'1984-09-18 19:04:21','2020-02-18 23:20:05'),(140,93,'1971-11-02 09:08:42','2020-02-18 23:20:05'),(141,72,'1997-06-05 23:08:57','2020-02-18 23:20:05'),(142,81,'2007-11-16 17:44:36','2020-02-18 23:20:05'),(143,189,'1973-08-13 04:39:58','2020-02-18 23:20:05'),(144,100,'2009-05-14 19:16:55','2020-02-18 23:20:05'),(145,235,'2016-03-05 08:38:12','2020-02-18 23:20:05'),(146,272,'2007-10-03 17:50:05','2020-02-18 23:20:05'),(147,57,'1980-07-05 11:53:27','2020-02-18 23:20:05'),(148,69,'2002-08-17 09:13:55','2020-02-18 23:20:05'),(149,171,'1970-06-19 17:09:06','2020-02-18 23:20:05'),(150,49,'1983-05-15 06:47:08','2020-02-18 23:20:05'),(151,32,'1979-08-28 03:37:11','2020-02-18 23:20:05'),(152,10,'1991-08-07 07:33:29','2020-02-18 23:20:05'),(153,256,'2020-01-10 21:36:58','2020-02-18 23:20:05'),(154,48,'1990-08-23 09:46:17','2020-02-18 23:20:05'),(155,71,'1994-05-21 11:21:02','2020-02-18 23:20:05'),(156,211,'1983-09-11 09:56:24','2020-02-18 23:20:05'),(157,241,'2004-12-14 07:17:02','2020-02-18 23:20:05'),(158,270,'2012-02-29 13:07:42','2020-02-18 23:20:05'),(159,29,'2009-08-02 01:23:10','2020-02-18 23:20:05'),(160,235,'2004-05-17 11:30:33','2020-02-18 23:20:05'),(161,188,'1972-08-27 23:17:06','2020-02-18 23:20:05'),(162,233,'1977-12-23 07:44:34','2020-02-18 23:20:05'),(163,300,'2001-02-12 01:07:11','2020-02-18 23:20:05'),(164,202,'2010-12-29 15:59:44','2020-02-18 23:20:05'),(165,111,'2005-04-24 11:43:33','2020-02-18 23:20:05'),(166,247,'1994-11-26 18:03:29','2020-02-18 23:20:05'),(167,300,'1990-09-25 11:46:20','2020-02-18 23:20:05'),(168,161,'2019-07-28 08:05:23','2020-02-18 23:20:05'),(169,203,'2002-06-22 17:28:13','2020-02-18 23:20:05'),(170,234,'2019-10-24 04:39:51','2020-02-18 23:20:05'),(171,259,'2015-05-28 01:42:10','2020-02-18 23:20:05'),(172,291,'1993-04-18 21:40:16','2020-02-18 23:20:05'),(173,79,'1974-07-23 15:49:48','2020-02-18 23:20:05'),(174,123,'2001-04-21 06:21:16','2020-02-18 23:20:05'),(175,75,'1977-10-03 13:46:07','2020-02-18 23:20:05'),(176,5,'1983-06-24 10:42:36','2020-02-18 23:20:05'),(177,100,'1979-08-12 23:35:09','2020-02-18 23:20:05'),(178,184,'2011-03-30 08:58:42','2020-02-18 23:20:05'),(179,20,'2013-04-15 19:43:27','2020-02-18 23:20:05'),(180,146,'2004-05-18 06:28:21','2020-02-18 23:20:05'),(181,72,'2015-07-10 05:10:32','2020-02-18 23:20:05'),(182,220,'2005-03-24 10:20:04','2020-02-18 23:20:05'),(183,282,'1978-04-24 08:23:07','2020-02-18 23:20:05'),(184,152,'1998-05-30 03:08:12','2020-02-18 23:20:05'),(185,211,'2010-08-27 07:02:55','2020-02-18 23:20:05'),(186,1,'1976-02-23 13:02:22','2020-02-18 23:20:05'),(187,270,'2003-10-28 00:22:54','2020-02-18 23:20:05'),(188,147,'2007-04-24 01:48:15','2020-02-18 23:20:05'),(189,223,'2009-08-15 06:43:04','2020-02-18 23:20:05'),(190,76,'1992-10-02 12:06:39','2020-02-18 23:20:05'),(191,8,'2014-01-02 14:08:00','2020-02-18 23:20:05'),(192,111,'1992-10-17 16:21:13','2020-02-18 23:20:05'),(193,233,'2014-11-09 18:56:09','2020-02-18 23:20:05'),(194,229,'1999-07-20 19:12:13','2020-02-18 23:20:05'),(195,148,'1985-08-03 09:39:55','2020-02-18 23:20:05'),(196,52,'1985-01-26 14:34:48','2020-02-18 23:20:05'),(197,114,'1983-10-15 18:22:31','2020-02-18 23:20:05'),(198,115,'1985-05-27 02:06:55','2020-02-18 23:20:05'),(199,232,'2004-09-20 21:58:58','2020-02-18 23:20:05'),(200,214,'2012-07-17 20:58:08','2020-02-18 23:20:05'),(201,76,'1995-03-31 08:21:40','2020-02-18 23:20:05'),(202,35,'2009-06-30 05:51:31','2020-02-18 23:20:05'),(203,247,'1982-02-12 20:38:44','2020-02-18 23:20:05'),(204,229,'2018-02-13 19:03:21','2020-02-18 23:20:05'),(205,103,'1985-06-28 10:55:05','2020-02-18 23:20:05'),(206,127,'1991-12-31 22:51:00','2020-02-18 23:20:05'),(207,26,'1983-05-17 17:01:18','2020-02-18 23:20:05'),(208,49,'1971-03-17 00:29:24','2020-02-18 23:20:05'),(209,166,'1973-06-30 12:50:00','2020-02-18 23:20:05'),(210,84,'1991-12-09 20:49:08','2020-02-18 23:20:05'),(211,222,'2009-04-26 10:07:52','2020-02-18 23:20:05'),(212,255,'1975-10-28 14:48:22','2020-02-18 23:20:05'),(213,10,'1991-03-05 16:09:04','2020-02-18 23:20:05'),(214,185,'1995-06-30 07:29:31','2020-02-18 23:20:05'),(215,292,'1998-12-12 21:18:45','2020-02-18 23:20:05'),(216,7,'1981-11-07 14:18:39','2020-02-18 23:20:05'),(217,60,'2012-03-06 10:07:39','2020-02-18 23:20:05'),(218,275,'1979-01-26 15:19:37','2020-02-18 23:20:05'),(219,297,'2004-12-12 18:24:13','2020-02-18 23:20:05'),(220,57,'2001-10-18 11:29:27','2020-02-18 23:20:05'),(221,293,'1984-02-10 09:44:18','2020-02-18 23:20:05'),(222,97,'2004-10-28 04:43:41','2020-02-18 23:20:05'),(223,203,'1987-02-09 17:28:04','2020-02-18 23:20:05'),(224,123,'1986-05-24 00:54:14','2020-02-18 23:20:05'),(225,5,'1975-12-28 17:55:34','2020-02-18 23:20:05'),(226,257,'1982-06-05 10:48:51','2020-02-18 23:20:05'),(227,70,'2006-12-25 20:13:29','2020-02-18 23:20:05'),(228,176,'2005-02-11 12:31:57','2020-02-18 23:20:05'),(229,71,'1995-04-15 20:21:15','2020-02-18 23:20:05'),(230,127,'1999-03-09 23:53:04','2020-02-18 23:20:05'),(231,119,'2010-11-03 02:18:17','2020-02-18 23:20:05'),(232,215,'1988-11-15 05:29:19','2020-02-18 23:20:05'),(233,117,'2001-10-15 17:56:05','2020-02-18 23:20:05'),(234,242,'1985-01-08 21:26:19','2020-02-18 23:20:05'),(235,257,'1972-08-31 18:58:36','2020-02-18 23:20:05'),(236,257,'1976-01-05 05:45:18','2020-02-18 23:20:05'),(237,214,'1995-12-05 16:22:03','2020-02-18 23:20:05'),(238,1,'2004-11-06 01:22:06','2020-02-18 23:20:05'),(239,261,'1981-03-11 07:18:19','2020-02-18 23:20:05'),(240,102,'2012-12-06 12:34:43','2020-02-18 23:20:05'),(241,25,'1999-08-02 17:24:22','2020-02-18 23:20:05'),(242,120,'1976-02-03 17:04:26','2020-02-18 23:20:05'),(243,223,'2013-09-13 20:00:02','2020-02-18 23:20:05'),(244,156,'2020-01-11 15:37:55','2020-02-18 23:20:05'),(245,109,'2004-03-22 18:10:48','2020-02-18 23:20:05'),(246,78,'1982-05-16 06:53:46','2020-02-18 23:20:05'),(247,62,'2004-04-28 06:25:44','2020-02-18 23:20:05'),(248,74,'1977-12-27 03:25:52','2020-02-18 23:20:05'),(249,184,'1978-12-23 06:18:32','2020-02-18 23:20:05'),(250,99,'2006-08-10 08:31:52','2020-02-18 23:20:05'),(251,241,'1991-02-24 13:35:09','2020-02-18 23:20:05'),(252,7,'2003-12-18 06:22:02','2020-02-18 23:20:05'),(253,211,'2003-02-12 01:07:38','2020-02-18 23:20:05'),(254,135,'1996-06-19 06:38:08','2020-02-18 23:20:05'),(255,41,'1979-01-18 02:35:42','2020-02-18 23:20:05'),(256,100,'2014-09-06 12:32:24','2020-02-18 23:20:05'),(257,76,'1992-10-21 05:03:24','2020-02-18 23:20:05'),(258,81,'1974-09-01 18:07:44','2020-02-18 23:20:05'),(259,177,'2019-01-04 00:06:40','2020-02-18 23:20:05'),(260,41,'1986-05-07 20:59:21','2020-02-18 23:20:05'),(261,275,'1990-01-09 19:53:00','2020-02-18 23:20:05'),(262,50,'2002-05-23 02:05:36','2020-02-18 23:20:05'),(263,24,'1989-06-25 07:08:48','2020-02-18 23:20:05'),(264,270,'1974-09-02 17:17:29','2020-02-18 23:20:05'),(265,78,'2017-03-14 10:14:20','2020-02-18 23:20:05'),(266,179,'1980-11-21 11:32:21','2020-02-18 23:20:05'),(267,59,'2017-10-16 09:21:57','2020-02-18 23:20:05'),(268,61,'1975-08-13 08:31:53','2020-02-18 23:20:05'),(269,124,'1981-09-16 17:23:20','2020-02-18 23:20:05'),(270,139,'1979-12-27 02:23:34','2020-02-18 23:20:05'),(271,23,'1991-01-20 11:27:43','2020-02-18 23:20:05'),(272,295,'1983-04-01 21:38:29','2020-02-18 23:20:05'),(273,205,'1970-02-06 05:55:52','2020-02-18 23:20:05'),(274,142,'1991-07-12 17:29:33','2020-02-18 23:20:05'),(275,96,'1980-04-06 08:18:53','2020-02-18 23:20:05'),(276,50,'2009-11-08 08:26:57','2020-02-18 23:20:05'),(277,264,'1975-06-15 15:53:29','2020-02-18 23:20:05'),(278,270,'1987-05-08 14:07:04','2020-02-18 23:20:05'),(279,257,'1981-01-09 06:58:20','2020-02-18 23:20:05'),(280,174,'1984-07-16 07:55:30','2020-02-18 23:20:05'),(281,99,'2002-03-02 21:16:02','2020-02-18 23:20:05'),(282,270,'1981-08-08 14:46:11','2020-02-18 23:20:05'),(283,156,'2001-09-28 17:33:22','2020-02-18 23:20:05'),(284,268,'1973-08-18 12:09:55','2020-02-18 23:20:05'),(285,273,'2014-10-09 17:19:48','2020-02-18 23:20:05'),(286,258,'1993-05-23 16:04:04','2020-02-18 23:20:05'),(287,172,'2011-08-03 18:25:32','2020-02-18 23:20:05'),(288,87,'1992-09-19 05:46:27','2020-02-18 23:20:05'),(289,217,'2005-09-12 09:55:23','2020-02-18 23:20:05'),(290,224,'2000-12-02 08:47:01','2020-02-18 23:20:05'),(291,169,'2000-11-08 12:02:56','2020-02-18 23:20:05'),(292,170,'1971-11-05 23:21:05','2020-02-18 23:20:05'),(293,45,'2003-08-05 01:02:22','2020-02-18 23:20:05'),(294,16,'1989-08-29 00:35:18','2020-02-18 23:20:05'),(295,241,'1995-01-31 08:17:52','2020-02-18 23:20:05'),(296,258,'1985-06-25 07:49:36','2020-02-18 23:20:05'),(297,268,'1995-07-22 01:49:24','2020-02-18 23:20:05'),(298,266,'1989-04-17 09:03:26','2020-02-18 23:20:05'),(299,226,'2003-02-15 18:15:43','2020-02-18 23:20:05'),(300,28,'1993-10-28 09:05:03','2020-02-18 23:20:05'),(301,65,'1999-09-20 07:20:30','2020-02-18 23:20:05'),(302,240,'2007-10-09 19:26:26','2020-02-18 23:20:05'),(303,103,'2010-09-22 08:41:02','2020-02-18 23:20:05'),(304,97,'1974-12-09 15:21:30','2020-02-18 23:20:05'),(305,175,'2014-02-03 08:41:41','2020-02-18 23:20:05'),(306,285,'1985-11-21 08:01:00','2020-02-18 23:20:05'),(307,298,'1979-02-07 00:24:39','2020-02-18 23:20:05'),(308,36,'1970-09-08 19:25:25','2020-02-18 23:20:05'),(309,183,'2016-03-23 06:33:19','2020-02-18 23:20:05'),(310,208,'1998-08-30 01:13:03','2020-02-18 23:20:05'),(311,189,'2003-12-07 03:06:08','2020-02-18 23:20:05'),(312,21,'1990-09-10 12:28:00','2020-02-18 23:20:05'),(313,139,'1994-03-15 18:20:30','2020-02-18 23:20:05'),(314,32,'2005-10-20 13:36:57','2020-02-18 23:20:05'),(315,44,'1985-12-04 12:10:36','2020-02-18 23:20:05'),(316,120,'2018-04-25 10:00:12','2020-02-18 23:20:05'),(317,169,'1971-11-02 00:37:32','2020-02-18 23:20:05'),(318,186,'2002-10-13 05:19:18','2020-02-18 23:20:05'),(319,120,'1993-04-03 11:43:35','2020-02-18 23:20:05'),(320,43,'1992-12-29 17:43:12','2020-02-18 23:20:05'),(321,152,'2013-04-19 21:01:23','2020-02-18 23:20:05'),(322,33,'2011-04-30 01:50:50','2020-02-18 23:20:05'),(323,10,'1998-08-04 12:59:17','2020-02-18 23:20:05'),(324,248,'2004-01-25 07:59:39','2020-02-18 23:20:05'),(325,10,'2007-06-18 15:17:06','2020-02-18 23:20:05'),(326,204,'1986-03-25 10:40:53','2020-02-18 23:20:05'),(327,92,'1970-11-26 23:00:19','2020-02-18 23:20:05'),(328,146,'1972-11-16 12:34:21','2020-02-18 23:20:05'),(329,152,'1978-03-09 09:26:10','2020-02-18 23:20:05'),(330,22,'1988-02-10 00:09:08','2020-02-18 23:20:05'),(331,256,'2015-04-12 04:14:50','2020-02-18 23:20:05'),(332,13,'1977-12-31 13:12:36','2020-02-18 23:20:05'),(333,195,'1971-11-21 14:27:47','2020-02-18 23:20:05'),(334,38,'1973-09-08 02:55:58','2020-02-18 23:20:05'),(335,204,'2015-03-20 14:51:25','2020-02-18 23:20:05'),(336,3,'2016-07-22 15:05:43','2020-02-18 23:20:05'),(337,5,'1979-09-23 04:01:00','2020-02-18 23:20:05'),(338,17,'1994-02-12 16:06:35','2020-02-18 23:20:05'),(339,66,'1989-11-01 16:22:41','2020-02-18 23:20:05'),(340,281,'2016-09-22 11:14:05','2020-02-18 23:20:05'),(341,4,'1988-02-18 20:42:40','2020-02-18 23:20:05'),(342,79,'1974-02-14 20:33:51','2020-02-18 23:20:05'),(343,81,'2013-12-08 00:32:47','2020-02-18 23:20:05'),(344,166,'2007-10-31 17:11:40','2020-02-18 23:20:05'),(345,289,'1975-10-19 10:26:22','2020-02-18 23:20:05'),(346,45,'1995-07-28 18:16:11','2020-02-18 23:20:05'),(347,258,'2001-12-17 03:02:34','2020-02-18 23:20:05'),(348,254,'1971-05-22 11:52:04','2020-02-18 23:20:05'),(349,194,'1988-04-18 08:11:20','2020-02-18 23:20:05'),(350,210,'2018-08-22 01:43:28','2020-02-18 23:20:05'),(351,167,'2013-05-07 13:30:47','2020-02-18 23:20:05'),(352,204,'1997-09-20 02:27:37','2020-02-18 23:20:05'),(353,217,'1985-07-21 08:54:02','2020-02-18 23:20:05'),(354,174,'1985-08-27 20:21:10','2020-02-18 23:20:05'),(355,220,'1977-12-31 04:40:36','2020-02-18 23:20:05'),(356,277,'2018-01-04 14:01:19','2020-02-18 23:20:05'),(357,122,'1991-02-16 06:12:54','2020-02-18 23:20:05'),(358,81,'2008-08-08 07:48:13','2020-02-18 23:20:05'),(359,38,'1977-11-27 19:44:00','2020-02-18 23:20:05'),(360,248,'1972-03-10 09:13:54','2020-02-18 23:20:05'),(361,226,'2019-07-01 23:14:56','2020-02-18 23:20:05'),(362,85,'2016-09-03 12:06:52','2020-02-18 23:20:05'),(363,48,'1971-12-17 12:32:15','2020-02-18 23:20:05'),(364,283,'2018-05-21 10:26:30','2020-02-18 23:20:05'),(365,71,'2003-09-24 14:26:44','2020-02-18 23:20:05'),(366,106,'1996-11-02 13:17:44','2020-02-18 23:20:05'),(367,15,'1981-03-23 12:45:05','2020-02-18 23:20:05'),(368,56,'2015-12-17 14:57:13','2020-02-18 23:20:05'),(369,235,'2005-06-26 03:44:25','2020-02-18 23:20:05'),(370,108,'1974-03-25 17:56:03','2020-02-18 23:20:05'),(371,133,'1976-01-26 04:21:56','2020-02-18 23:20:05'),(372,43,'1994-07-30 20:46:44','2020-02-18 23:20:05'),(373,114,'2008-12-10 15:14:13','2020-02-18 23:20:05'),(374,141,'1978-08-19 01:54:22','2020-02-18 23:20:05'),(375,64,'2020-01-14 14:48:37','2020-02-18 23:20:05'),(376,194,'2005-05-22 23:50:57','2020-02-18 23:20:05'),(377,178,'2018-10-18 21:28:48','2020-02-18 23:20:05'),(378,7,'2015-04-07 19:31:22','2020-02-18 23:20:05'),(379,101,'1991-07-02 10:23:35','2020-02-18 23:20:05'),(380,185,'2000-11-05 09:39:03','2020-02-18 23:20:05'),(381,23,'1988-05-09 19:02:17','2020-02-18 23:20:05'),(382,156,'2013-01-20 10:51:13','2020-02-18 23:20:05'),(383,110,'2006-12-18 04:56:41','2020-02-18 23:20:05'),(384,85,'2003-05-17 19:26:39','2020-02-18 23:20:05'),(385,92,'1980-06-19 03:46:02','2020-02-18 23:20:05'),(386,204,'1983-02-09 02:25:57','2020-02-18 23:20:05'),(387,142,'1996-04-15 03:22:14','2020-02-18 23:20:05'),(388,101,'1993-04-05 14:15:27','2020-02-18 23:20:05'),(389,76,'1986-08-24 06:16:26','2020-02-18 23:20:05'),(390,76,'1989-09-16 17:22:46','2020-02-18 23:20:05'),(391,152,'1971-09-04 07:24:40','2020-02-18 23:20:05'),(392,232,'1975-09-18 08:42:00','2020-02-18 23:20:05'),(393,102,'2008-09-02 15:24:16','2020-02-18 23:20:05'),(394,117,'2019-08-11 16:22:55','2020-02-18 23:20:05'),(395,275,'1987-05-17 06:41:45','2020-02-18 23:20:05'),(396,124,'2015-09-18 13:38:31','2020-02-18 23:20:05'),(397,94,'1974-01-31 11:57:26','2020-02-18 23:20:05'),(398,100,'1999-10-15 08:08:54','2020-02-18 23:20:05'),(399,217,'1992-09-22 18:27:53','2020-02-18 23:20:05'),(400,186,'2018-07-24 05:37:14','2020-02-18 23:20:05'),(401,277,'1983-11-08 09:16:35','2020-02-18 23:20:05'),(402,224,'1975-03-14 08:54:53','2020-02-18 23:20:05'),(403,292,'2000-01-18 21:23:54','2020-02-18 23:20:05'),(404,187,'1998-06-13 13:56:17','2020-02-18 23:20:05'),(405,58,'1982-05-17 17:40:53','2020-02-18 23:20:05'),(406,28,'1993-10-27 01:11:39','2020-02-18 23:20:05'),(407,265,'1989-12-30 01:08:34','2020-02-18 23:20:05'),(408,41,'1984-01-05 04:35:32','2020-02-18 23:20:05'),(409,11,'1979-11-07 09:16:25','2020-02-18 23:20:05'),(410,229,'1998-02-16 02:45:20','2020-02-18 23:20:05'),(411,215,'1989-03-24 04:57:04','2020-02-18 23:20:05'),(412,84,'1970-03-05 07:28:27','2020-02-18 23:20:05'),(413,75,'1973-12-14 15:13:26','2020-02-18 23:20:05'),(414,122,'1971-01-19 05:33:26','2020-02-18 23:20:05'),(415,83,'1980-05-09 11:36:57','2020-02-18 23:20:05'),(416,51,'1970-11-21 17:28:15','2020-02-18 23:20:05'),(417,6,'1996-03-27 18:46:00','2020-02-18 23:20:05'),(418,174,'2003-05-10 01:12:05','2020-02-18 23:20:05'),(419,253,'1971-07-05 05:02:56','2020-02-18 23:20:05'),(420,143,'1979-12-14 11:35:48','2020-02-18 23:20:05'),(421,253,'1986-11-26 15:29:01','2020-02-18 23:20:05'),(422,237,'1978-03-31 10:17:40','2020-02-18 23:20:05'),(423,125,'2009-02-24 20:46:57','2020-02-18 23:20:05'),(424,212,'1991-02-23 09:14:47','2020-02-18 23:20:05'),(425,87,'2015-07-23 09:43:21','2020-02-18 23:20:05'),(426,97,'1987-09-10 01:50:10','2020-02-18 23:20:05'),(427,224,'2019-09-07 16:14:30','2020-02-18 23:20:05'),(428,229,'1996-11-25 21:34:54','2020-02-18 23:20:05'),(429,172,'2017-09-30 15:36:25','2020-02-18 23:20:05'),(430,173,'2014-06-10 08:41:24','2020-02-18 23:20:05'),(431,48,'1981-12-06 10:17:42','2020-02-18 23:20:05'),(432,22,'1988-01-19 09:01:04','2020-02-18 23:20:05'),(433,266,'1979-12-20 14:54:49','2020-02-18 23:20:05'),(434,63,'1998-12-09 05:17:48','2020-02-18 23:20:05'),(435,118,'2006-05-08 00:00:16','2020-02-18 23:20:05'),(436,100,'2010-08-27 04:15:08','2020-02-18 23:20:05'),(437,144,'2004-09-15 21:59:31','2020-02-18 23:20:05'),(438,118,'1981-04-28 00:28:41','2020-02-18 23:20:05'),(439,160,'2005-03-22 07:38:13','2020-02-18 23:20:05'),(440,144,'2012-03-31 03:04:50','2020-02-18 23:20:05'),(441,238,'1971-05-15 18:09:28','2020-02-18 23:20:05'),(442,159,'1973-10-03 21:17:44','2020-02-18 23:20:05'),(443,81,'1978-01-13 12:58:17','2020-02-18 23:20:05'),(444,228,'1997-12-01 09:43:13','2020-02-18 23:20:05'),(445,297,'1988-05-06 03:35:35','2020-02-18 23:20:05'),(446,201,'2005-09-06 02:13:56','2020-02-18 23:20:05'),(447,113,'2001-07-13 01:43:44','2020-02-18 23:20:05'),(448,262,'2012-04-29 07:42:47','2020-02-18 23:20:05'),(449,69,'2003-02-13 15:39:08','2020-02-18 23:20:05'),(450,159,'2011-10-07 13:31:41','2020-02-18 23:20:05'),(451,290,'2002-07-25 21:37:19','2020-02-18 23:20:05'),(452,70,'1992-12-06 21:38:36','2020-02-18 23:20:05'),(453,79,'2018-03-26 17:39:58','2020-02-18 23:20:05'),(454,186,'2010-12-25 02:07:11','2020-02-18 23:20:05'),(455,92,'1999-07-01 04:43:00','2020-02-18 23:20:05'),(456,203,'1974-11-24 19:12:33','2020-02-18 23:20:05'),(457,138,'1987-03-15 00:24:10','2020-02-18 23:20:05'),(458,80,'2001-07-21 06:58:24','2020-02-18 23:20:05'),(459,284,'1986-05-30 19:31:25','2020-02-18 23:20:05'),(460,281,'1974-11-03 20:20:30','2020-02-18 23:20:05'),(461,251,'2006-08-27 17:48:55','2020-02-18 23:20:05'),(462,112,'1992-01-07 12:40:43','2020-02-18 23:20:05'),(463,108,'2013-11-24 17:17:25','2020-02-18 23:20:05'),(464,205,'1982-02-23 03:29:20','2020-02-18 23:20:05'),(465,98,'1994-03-11 13:34:07','2020-02-18 23:20:05'),(466,174,'1991-07-04 16:40:58','2020-02-18 23:20:05'),(467,277,'1998-02-27 19:16:27','2020-02-18 23:20:05'),(468,264,'2007-05-30 17:34:46','2020-02-18 23:20:05'),(469,187,'1987-11-11 16:48:53','2020-02-18 23:20:05'),(470,143,'1990-01-15 11:20:00','2020-02-18 23:20:05'),(471,151,'1987-03-24 10:38:06','2020-02-18 23:20:05'),(472,29,'2007-10-08 02:49:20','2020-02-18 23:20:05'),(473,291,'2001-08-20 13:34:46','2020-02-18 23:20:05'),(474,166,'2019-12-08 02:12:39','2020-02-18 23:20:05'),(475,255,'1977-09-15 21:35:19','2020-02-18 23:20:05'),(476,178,'1998-09-24 19:14:47','2020-02-18 23:20:05'),(477,126,'2011-05-06 03:35:31','2020-02-18 23:20:05'),(478,93,'1998-01-07 17:50:49','2020-02-18 23:20:05'),(479,89,'1975-05-27 10:08:00','2020-02-18 23:20:05'),(480,165,'2002-01-26 10:26:11','2020-02-18 23:20:05'),(481,256,'2016-09-22 10:31:04','2020-02-18 23:20:05'),(482,187,'1980-02-21 13:15:55','2020-02-18 23:20:05'),(483,166,'2000-11-28 11:42:33','2020-02-18 23:20:05'),(484,268,'2001-08-07 15:44:08','2020-02-18 23:20:05'),(485,242,'2006-12-30 19:53:20','2020-02-18 23:20:05'),(486,105,'2006-04-11 16:53:15','2020-02-18 23:20:05'),(487,100,'1991-12-09 18:46:24','2020-02-18 23:20:05'),(488,182,'1997-01-13 01:47:22','2020-02-18 23:20:05'),(489,9,'2002-04-19 14:26:03','2020-02-18 23:20:05'),(490,101,'1994-04-10 04:16:30','2020-02-18 23:20:05'),(491,175,'1986-06-19 11:38:57','2020-02-18 23:20:05'),(492,272,'2000-08-28 03:35:28','2020-02-18 23:20:05'),(493,234,'2003-02-22 17:16:14','2020-02-18 23:20:05'),(494,52,'1976-01-03 16:02:46','2020-02-18 23:20:05'),(495,161,'2002-08-06 13:28:45','2020-02-18 23:20:05'),(496,45,'2017-08-21 18:49:58','2020-02-18 23:20:05'),(497,44,'1988-06-07 13:41:25','2020-02-18 23:20:05'),(498,83,'2010-08-17 03:39:58','2020-02-18 23:20:05'),(499,283,'1999-03-13 06:09:37','2020-02-18 23:20:05'),(500,265,'1992-06-07 22:55:03','2020-02-18 23:20:05'),(501,178,'1973-05-15 16:30:19','2020-02-18 23:20:05'),(502,91,'1989-03-03 09:55:57','2020-02-18 23:20:05'),(503,224,'2004-10-22 16:02:26','2020-02-18 23:20:05'),(504,244,'1985-05-13 20:05:05','2020-02-18 23:20:05'),(505,250,'1987-12-23 21:29:45','2020-02-18 23:20:05'),(506,216,'1973-10-01 02:48:26','2020-02-18 23:20:05'),(507,29,'2018-05-09 01:21:26','2020-02-18 23:20:05'),(508,95,'1981-07-16 22:35:52','2020-02-18 23:20:05'),(509,90,'1997-05-18 18:30:45','2020-02-18 23:20:05'),(510,165,'2012-12-05 15:07:00','2020-02-18 23:20:05'),(511,252,'1981-10-02 04:44:51','2020-02-18 23:20:05'),(512,166,'1975-08-24 16:52:21','2020-02-18 23:20:05'),(513,73,'2006-01-15 01:04:19','2020-02-18 23:20:05'),(514,165,'1993-09-14 01:14:32','2020-02-18 23:20:05'),(515,6,'1982-03-06 22:55:35','2020-02-18 23:20:05'),(516,135,'2009-05-14 08:38:46','2020-02-18 23:20:05'),(517,56,'1986-04-24 17:49:44','2020-02-18 23:20:05'),(518,173,'1976-01-09 05:42:47','2020-02-18 23:20:05'),(519,98,'1992-12-08 05:05:35','2020-02-18 23:20:05'),(520,272,'1996-05-14 09:06:55','2020-02-18 23:20:05'),(521,165,'2003-03-17 09:54:57','2020-02-18 23:20:05'),(522,7,'1970-01-15 03:37:41','2020-02-18 23:20:05'),(523,138,'1975-01-12 13:13:31','2020-02-18 23:20:05'),(524,71,'1976-05-27 07:33:57','2020-02-18 23:20:05'),(525,240,'2012-06-16 12:10:36','2020-02-18 23:20:05'),(526,87,'2016-10-17 04:57:28','2020-02-18 23:20:05'),(527,15,'2010-12-05 18:32:38','2020-02-18 23:20:05'),(528,114,'1995-08-22 22:48:00','2020-02-18 23:20:05'),(529,225,'1995-11-29 22:57:42','2020-02-18 23:20:05'),(530,181,'1995-01-25 16:51:22','2020-02-18 23:20:05'),(531,232,'2016-10-27 11:19:37','2020-02-18 23:20:05'),(532,14,'2018-07-13 17:35:08','2020-02-18 23:20:05'),(533,274,'1976-06-16 18:07:29','2020-02-18 23:20:05'),(534,128,'2011-08-22 08:55:44','2020-02-18 23:20:05'),(535,118,'2003-07-18 17:17:56','2020-02-18 23:20:05'),(536,205,'2003-05-04 04:32:41','2020-02-18 23:20:05'),(537,70,'1990-08-08 04:31:39','2020-02-18 23:20:05'),(538,36,'2017-12-07 22:39:18','2020-02-18 23:20:05'),(539,269,'1971-12-18 13:22:00','2020-02-18 23:20:05'),(540,38,'2010-06-27 13:55:33','2020-02-18 23:20:05'),(541,283,'2008-09-05 22:49:10','2020-02-18 23:20:05'),(542,97,'2011-05-02 05:25:04','2020-02-18 23:20:05'),(543,238,'2019-06-04 15:16:31','2020-02-18 23:20:05'),(544,300,'2019-04-01 08:17:18','2020-02-18 23:20:05'),(545,184,'2004-09-20 00:22:10','2020-02-18 23:20:05'),(546,18,'1975-09-15 21:46:58','2020-02-18 23:20:05'),(547,139,'1993-03-21 20:47:55','2020-02-18 23:20:05'),(548,41,'2018-10-28 12:37:18','2020-02-18 23:20:05'),(549,86,'1991-07-22 03:59:01','2020-02-18 23:20:05'),(550,7,'1991-08-05 12:29:54','2020-02-18 23:20:05'),(551,78,'2007-11-17 12:46:43','2020-02-18 23:20:05'),(552,69,'1998-05-30 08:00:36','2020-02-18 23:20:05'),(553,111,'1994-02-16 00:07:21','2020-02-18 23:20:05'),(554,45,'1975-08-28 08:42:37','2020-02-18 23:20:05'),(555,194,'2018-11-19 09:23:48','2020-02-18 23:20:05'),(556,234,'2008-06-30 17:23:52','2020-02-18 23:20:05'),(557,287,'1971-12-22 06:13:01','2020-02-18 23:20:05'),(558,133,'1974-07-01 08:49:00','2020-02-18 23:20:05'),(559,104,'1981-07-27 08:43:28','2020-02-18 23:20:05'),(560,118,'2019-01-23 02:35:06','2020-02-18 23:20:05'),(561,279,'2010-03-27 13:07:28','2020-02-18 23:20:05'),(562,139,'2000-05-11 15:56:23','2020-02-18 23:20:05'),(563,158,'1983-10-14 06:31:42','2020-02-18 23:20:05'),(564,71,'1994-04-24 14:42:35','2020-02-18 23:20:05'),(565,183,'2012-07-16 18:45:49','2020-02-18 23:20:05'),(566,102,'2004-12-10 09:05:08','2020-02-18 23:20:05'),(567,259,'2018-10-11 02:51:48','2020-02-18 23:20:05'),(568,89,'1970-12-10 00:37:47','2020-02-18 23:20:05'),(569,269,'1977-07-19 10:09:13','1977-07-19 10:09:13'),(570,178,'2017-08-15 11:53:57','2020-02-18 23:20:05'),(571,80,'2015-01-12 08:33:50','2020-02-18 23:20:05'),(572,165,'2013-02-04 16:11:02','2020-02-18 23:20:05'),(573,287,'1997-06-02 07:34:04','2020-02-18 23:20:05'),(574,36,'2006-11-09 11:06:45','2020-02-18 23:20:05'),(575,222,'2018-12-05 08:37:08','2020-02-18 23:20:05'),(576,99,'1988-08-03 16:01:40','2020-02-18 23:20:05'),(577,127,'1974-07-19 17:42:51','2020-02-18 23:20:05'),(578,41,'1971-04-10 17:56:21','2020-02-18 23:20:05'),(579,121,'2004-06-03 07:58:21','2020-02-18 23:20:05'),(580,184,'2004-02-03 22:22:42','2020-02-18 23:20:05'),(581,254,'1989-09-15 22:50:05','2020-02-18 23:20:05'),(582,120,'2018-08-29 23:18:53','2020-02-18 23:20:05'),(583,136,'1998-12-19 08:14:10','2020-02-18 23:20:05'),(584,20,'1976-07-03 17:37:58','2020-02-18 23:20:05'),(585,289,'1999-07-25 22:33:43','2020-02-18 23:20:05'),(586,188,'1997-09-06 23:54:58','2020-02-18 23:20:05'),(587,69,'1973-05-07 02:33:02','2020-02-18 23:20:05'),(588,84,'2009-09-10 00:30:33','2020-02-18 23:20:05'),(589,210,'1973-11-24 20:30:54','2020-02-18 23:20:05'),(590,198,'1980-11-21 16:08:32','2020-02-18 23:20:05'),(591,61,'1998-10-01 12:59:26','2020-02-18 23:20:05'),(592,11,'1978-11-09 18:29:48','2020-02-18 23:20:05'),(593,171,'1988-06-09 12:07:29','2020-02-18 23:20:05'),(594,221,'2011-08-28 03:18:11','2020-02-18 23:20:05'),(595,292,'2011-07-16 00:05:09','2020-02-18 23:20:05'),(596,196,'2006-02-15 08:19:08','2020-02-18 23:20:05'),(597,104,'1982-10-19 17:50:36','2020-02-18 23:20:05'),(598,233,'1978-05-19 04:59:05','2020-02-18 23:20:05'),(599,251,'2012-04-28 15:20:20','2020-02-18 23:20:05'),(600,256,'1978-08-04 03:54:01','2020-02-18 23:20:05'),(601,227,'1990-08-09 23:38:00','2020-02-18 23:20:05'),(602,65,'2009-11-28 20:05:14','2020-02-18 23:20:05'),(603,243,'1979-07-07 08:20:47','2020-02-18 23:20:05'),(604,120,'1995-12-06 09:14:18','2020-02-18 23:20:05'),(605,171,'1983-01-04 07:56:07','2020-02-18 23:20:05'),(606,193,'1990-11-27 10:08:14','2020-02-18 23:20:05'),(607,152,'1970-04-14 08:46:17','2020-02-18 23:20:05'),(608,179,'2017-08-21 23:23:47','2020-02-18 23:20:05'),(609,141,'1990-04-11 09:49:28','2020-02-18 23:20:05'),(610,168,'1974-11-01 20:12:02','2020-02-18 23:20:05'),(611,114,'1982-12-03 03:07:35','2020-02-18 23:20:05'),(612,65,'2005-01-24 00:41:09','2020-02-18 23:20:05'),(613,286,'1977-06-02 21:51:51','2020-02-18 23:20:05'),(614,31,'2005-03-08 07:27:56','2020-02-18 23:20:05'),(615,198,'1973-06-18 09:34:37','2020-02-18 23:20:05'),(616,297,'1973-11-12 08:43:05','2020-02-18 23:20:05'),(617,289,'1980-10-30 13:38:47','2020-02-18 23:20:05'),(618,255,'1970-10-16 19:14:54','2020-02-18 23:20:05'),(619,106,'2007-07-17 23:18:01','2020-02-18 23:20:05'),(620,65,'2006-02-27 07:43:25','2020-02-18 23:20:05'),(621,6,'2008-07-18 06:03:44','2020-02-18 23:20:05'),(622,137,'1976-10-07 23:18:18','2020-02-18 23:20:05'),(623,64,'2007-02-27 05:37:00','2020-02-18 23:20:05'),(624,210,'2010-11-11 06:25:17','2020-02-18 23:20:05'),(625,258,'1990-07-23 02:59:35','2020-02-18 23:20:05'),(626,59,'2018-04-03 16:26:40','2020-02-18 23:20:05'),(627,120,'1975-01-17 03:27:40','2020-02-18 23:20:05'),(628,122,'2001-06-27 05:09:15','2020-02-18 23:20:05'),(629,252,'2009-07-31 15:29:38','2020-02-18 23:20:05'),(630,292,'1971-04-28 03:56:38','2020-02-18 23:20:05'),(631,104,'1975-04-12 10:33:40','2020-02-18 23:20:05'),(632,243,'2009-01-30 12:47:45','2020-02-18 23:20:05'),(633,2,'1987-05-07 11:46:39','2020-02-18 23:20:05'),(634,181,'1979-01-22 05:57:38','2020-02-18 23:20:05'),(635,298,'1985-10-28 12:49:54','2020-02-18 23:20:05'),(636,49,'1981-09-01 20:21:09','2020-02-18 23:20:05'),(637,248,'2008-03-12 21:36:34','2020-02-18 23:20:05'),(638,192,'1973-06-26 22:06:55','2020-02-18 23:20:05'),(639,216,'2012-01-14 11:50:36','2020-02-18 23:20:05'),(640,205,'1979-01-21 17:38:37','2020-02-18 23:20:05'),(641,75,'2018-03-03 19:31:01','2020-02-18 23:20:05'),(642,61,'1983-08-08 09:12:44','2020-02-18 23:20:05'),(643,80,'1983-09-17 20:07:27','2020-02-18 23:20:05'),(644,215,'1993-11-25 15:35:27','2020-02-18 23:20:05'),(645,235,'2019-02-27 04:04:20','2020-02-18 23:20:05'),(646,229,'1975-03-13 01:12:59','2020-02-18 23:20:05'),(647,139,'1981-02-26 15:36:56','2020-02-18 23:20:05'),(648,6,'1992-03-27 22:13:03','2020-02-18 23:20:05'),(649,216,'2012-02-24 03:12:06','2020-02-18 23:20:05'),(650,160,'1981-04-18 09:17:55','2020-02-18 23:20:05'),(651,153,'2018-12-14 17:51:56','2020-02-18 23:20:05'),(652,282,'2012-02-07 10:11:09','2020-02-18 23:20:05'),(653,50,'2010-02-10 02:25:45','2020-02-18 23:20:05'),(654,6,'2009-03-23 17:04:39','2020-02-18 23:20:05'),(655,178,'1991-10-21 20:34:43','2020-02-18 23:20:05'),(656,273,'1993-06-21 17:02:42','2020-02-18 23:20:05'),(657,231,'2013-07-11 09:10:31','2020-02-18 23:20:05'),(658,37,'2014-04-07 12:51:20','2020-02-18 23:20:05'),(659,88,'2019-02-19 07:38:04','2020-02-18 23:20:05'),(660,31,'1986-02-18 00:54:09','2020-02-18 23:20:05'),(661,191,'1989-01-18 00:12:45','2020-02-18 23:20:05'),(662,262,'2019-02-09 21:52:39','2020-02-18 23:20:05'),(663,135,'2016-09-09 20:06:55','2020-02-18 23:20:05'),(664,187,'1999-10-27 14:51:34','2020-02-18 23:20:05'),(665,232,'2001-08-15 01:55:23','2020-02-18 23:20:05'),(666,299,'1987-01-05 00:10:14','2020-02-18 23:20:05'),(667,199,'2017-11-15 07:25:34','2020-02-18 23:20:05'),(668,97,'1971-09-21 18:02:56','2020-02-18 23:20:05'),(669,188,'2010-07-04 14:53:38','2020-02-18 23:20:05'),(670,47,'1974-12-13 19:14:56','2020-02-18 23:20:05'),(671,270,'2017-03-12 03:26:48','2020-02-18 23:20:05'),(672,10,'2009-03-24 15:44:17','2020-02-18 23:20:05'),(673,140,'1973-03-13 04:33:55','2020-02-18 23:20:05'),(674,71,'2007-08-06 16:53:28','2020-02-18 23:20:05'),(675,232,'1986-03-25 16:33:47','2020-02-18 23:20:05'),(676,48,'1989-08-11 17:03:26','2020-02-18 23:20:05'),(677,144,'1984-12-09 11:45:12','2020-02-18 23:20:05'),(678,275,'2017-09-07 12:19:35','2020-02-18 23:20:05'),(679,42,'2001-11-23 11:28:24','2020-02-18 23:20:05'),(680,287,'2012-12-18 21:35:13','2020-02-18 23:20:05'),(681,106,'1988-05-19 04:55:57','2020-02-18 23:20:05'),(682,269,'2015-12-20 00:57:45','2020-02-18 23:20:05'),(683,126,'1976-12-24 22:34:29','2020-02-18 23:20:05'),(684,121,'2001-07-29 13:18:23','2020-02-18 23:20:05'),(685,227,'2011-04-22 01:46:57','2020-02-18 23:20:05'),(686,172,'2006-02-16 13:45:16','2020-02-18 23:20:05'),(687,179,'1991-03-27 23:21:17','2020-02-18 23:20:05'),(688,79,'1994-12-26 23:45:42','2020-02-18 23:20:05'),(689,159,'1987-06-24 01:05:10','2020-02-18 23:20:05'),(690,256,'1986-12-14 14:54:36','2020-02-18 23:20:05'),(691,201,'1983-09-01 16:20:35','2020-02-18 23:20:05'),(692,236,'1978-06-10 09:44:01','2020-02-18 23:20:05'),(693,278,'2001-03-15 17:55:31','2020-02-18 23:20:05'),(694,80,'1984-08-13 10:57:03','2020-02-18 23:20:05'),(695,168,'1998-12-31 12:15:58','2020-02-18 23:20:05'),(696,298,'1985-12-10 12:08:28','2020-02-18 23:20:05'),(697,84,'1988-05-23 01:18:49','2020-02-18 23:20:05'),(698,125,'1985-03-13 21:01:20','2020-02-18 23:20:05'),(699,75,'1992-03-14 01:57:01','2020-02-18 23:20:05'),(700,299,'1999-06-01 11:30:48','2020-02-18 23:20:05');
/*!40000 ALTER TABLE `orders` ENABLE KEYS */;
UNLOCK TABLES;

--
-- Table structure for table `orders_products`
--

DROP TABLE IF EXISTS `orders_products`;
/*!40101 SET @saved_cs_client     = @@character_set_client */;
/*!40101 SET character_set_client = utf8 */;
CREATE TABLE `orders_products` (
  `id` int(10) unsigned NOT NULL AUTO_INCREMENT,
  `order_id` int(10) unsigned NOT NULL,
  `product_id` int(10) unsigned NOT NULL,
  `total` int(10) unsigned DEFAULT '1' COMMENT 'Количество заказанных товарных позиций',
  `created_at` datetime DEFAULT CURRENT_TIMESTAMP,
  `updated_at` datetime DEFAULT CURRENT_TIMESTAMP ON UPDATE CURRENT_TIMESTAMP,
  PRIMARY KEY (`id`),
  KEY `orders_products_order_id_fk` (`order_id`),
  KEY `orders_products_product_id_fk` (`product_id`),
  CONSTRAINT `orders_products_order_id_fk` FOREIGN KEY (`order_id`) REFERENCES `orders` (`id`),
  CONSTRAINT `orders_products_product_id_fk` FOREIGN KEY (`product_id`) REFERENCES `products` (`id`)
) ENGINE=InnoDB AUTO_INCREMENT=1201 DEFAULT CHARSET=utf8 COMMENT='Состав заказа';
/*!40101 SET character_set_client = @saved_cs_client */;

--
-- Dumping data for table `orders_products`
--

LOCK TABLES `orders_products` WRITE;
/*!40000 ALTER TABLE `orders_products` DISABLE KEYS */;
INSERT INTO `orders_products` VALUES (1,1,12,7,'1999-03-30 15:49:34','2020-02-18 23:21:29'),(2,2,9,4,'1980-11-22 22:55:34','2020-02-18 23:21:29'),(3,3,6,8,'1971-05-16 04:25:51','2020-02-18 23:21:29'),(4,4,6,7,'2004-05-30 07:23:33','2020-02-18 23:21:29'),(5,5,9,2,'2006-05-08 00:17:20','2020-02-18 23:21:29'),(6,6,26,9,'2003-02-07 09:13:50','2020-02-18 23:21:29'),(7,7,3,7,'2013-08-08 11:47:56','2020-02-18 23:21:29'),(8,8,38,1,'1993-12-20 23:14:33','2020-02-18 23:21:29'),(9,9,29,10,'2008-12-19 13:37:22','2020-02-18 23:21:29'),(10,10,31,7,'1992-04-04 21:15:46','2020-02-18 23:21:29'),(11,11,18,6,'2002-11-06 03:19:20','2020-02-18 23:21:29'),(12,12,47,5,'1981-05-07 17:57:03','2020-02-18 23:21:29'),(13,13,29,4,'2003-07-05 00:44:41','2020-02-18 23:21:29'),(14,14,2,3,'1990-09-02 11:48:30','2020-02-18 23:21:29'),(15,15,25,2,'1992-03-13 10:02:33','2020-02-18 23:21:29'),(16,16,16,8,'2002-11-06 18:45:36','2002-11-06 18:45:36'),(17,17,7,2,'2005-07-12 13:15:16','2020-02-18 23:21:29'),(18,18,36,8,'1975-08-28 03:52:26','2020-02-18 23:21:29'),(19,19,10,10,'1999-04-05 01:37:57','2020-02-18 23:21:29'),(20,20,41,8,'1978-07-26 06:53:55','2020-02-18 23:21:29'),(21,21,23,1,'1978-12-22 00:36:56','2020-02-18 23:21:29'),(22,22,42,10,'1984-10-27 16:24:09','2020-02-18 23:21:29'),(23,23,40,7,'1988-01-22 02:10:45','2020-02-18 23:21:29'),(24,24,25,8,'1994-10-04 09:27:39','2020-02-18 23:21:29'),(25,25,5,7,'2004-10-26 15:11:51','2020-02-18 23:21:29'),(26,26,49,2,'2014-07-02 04:37:25','2020-02-18 23:21:29'),(27,27,30,3,'1991-01-20 05:25:55','2020-02-18 23:21:29'),(28,28,3,2,'2018-06-07 14:48:44','2020-02-18 23:21:29'),(29,29,22,2,'1980-12-23 10:12:18','2020-02-18 23:21:29'),(30,30,1,9,'1993-01-25 17:35:58','2020-02-18 23:21:29'),(31,31,37,1,'2002-10-15 07:44:24','2020-02-18 23:21:29'),(32,32,33,2,'1991-10-13 09:14:48','2020-02-18 23:21:29'),(33,33,2,6,'1970-01-30 22:38:53','2020-02-18 23:21:29'),(34,34,12,6,'2011-07-23 00:00:07','2020-02-18 23:21:29'),(35,35,2,8,'1977-07-15 16:17:18','2020-02-18 23:21:29'),(36,36,26,6,'1995-08-08 09:50:31','2020-02-18 23:21:29'),(37,37,21,10,'1971-12-18 11:45:58','2020-02-18 23:21:29'),(38,38,26,2,'2008-12-19 14:06:44','2020-02-18 23:21:29'),(39,39,18,7,'1992-12-26 15:26:10','2020-02-18 23:21:29'),(40,40,11,3,'2012-11-03 20:48:03','2020-02-18 23:21:29'),(41,41,50,4,'1991-03-06 00:43:07','2020-02-18 23:21:29'),(42,42,15,10,'1995-06-01 18:54:51','2020-02-18 23:21:29'),(43,43,28,1,'2005-01-28 01:01:30','2020-02-18 23:21:29'),(44,44,41,1,'2010-10-19 07:33:36','2020-02-18 23:21:29'),(45,45,23,5,'1978-05-12 04:23:29','2020-02-18 23:21:29'),(46,46,41,5,'2009-09-22 09:20:21','2020-02-18 23:21:29'),(47,47,36,5,'1970-09-01 16:47:06','2020-02-18 23:21:29'),(48,48,7,1,'2000-10-22 16:54:26','2020-02-18 23:21:29'),(49,49,26,6,'2015-02-21 20:13:53','2020-02-18 23:21:29'),(50,50,9,8,'1972-04-09 21:56:09','2020-02-18 23:21:29'),(51,51,14,8,'1993-09-28 04:12:05','2020-02-18 23:21:29'),(52,52,44,7,'1990-02-22 09:56:38','2020-02-18 23:21:29'),(53,53,29,6,'1970-07-23 15:22:10','2020-02-18 23:21:29'),(54,54,12,2,'2014-01-04 08:09:41','2020-02-18 23:21:29'),(55,55,21,3,'1983-12-10 21:01:44','2020-02-18 23:21:29'),(56,56,18,4,'2015-07-12 22:34:11','2020-02-18 23:21:29'),(57,57,29,5,'1987-07-03 04:14:08','2020-02-18 23:21:29'),(58,58,40,9,'1981-07-26 09:03:36','2020-02-18 23:21:29'),(59,59,12,4,'1994-07-06 18:05:54','2020-02-18 23:21:29'),(60,60,42,9,'2013-03-08 08:37:33','2020-02-18 23:21:29'),(61,61,20,7,'1988-07-26 13:01:44','2020-02-18 23:21:29'),(62,62,26,4,'1976-12-29 06:50:45','2020-02-18 23:21:29'),(63,63,17,2,'1986-09-26 19:58:20','2020-02-18 23:21:29'),(64,64,6,4,'1984-01-24 20:40:16','2020-02-18 23:21:29'),(65,65,31,2,'1987-11-22 06:48:04','2020-02-18 23:21:29'),(66,66,34,9,'1999-06-27 00:47:47','2020-02-18 23:21:29'),(67,67,27,9,'2019-04-21 17:20:58','2020-02-18 23:21:29'),(68,68,31,7,'2015-03-24 02:43:56','2020-02-18 23:21:29'),(69,69,26,2,'2009-04-17 06:43:16','2020-02-18 23:21:29'),(70,70,36,9,'1980-05-10 02:20:32','2020-02-18 23:21:29'),(71,71,2,1,'1971-12-24 18:01:56','2020-02-18 23:21:29'),(72,72,2,2,'2010-01-12 16:02:00','2020-02-18 23:21:29'),(73,73,4,3,'1997-08-06 06:26:31','2020-02-18 23:21:29'),(74,74,11,6,'1990-01-05 15:26:13','2020-02-18 23:21:29'),(75,75,45,10,'1977-09-24 15:57:09','2020-02-18 23:21:29'),(76,76,42,5,'1976-10-01 01:45:26','2020-02-18 23:21:29'),(77,77,25,3,'1981-11-25 05:40:22','2020-02-18 23:21:29'),(78,78,47,9,'1991-11-22 23:37:29','2020-02-18 23:21:29'),(79,79,9,8,'1973-01-11 15:05:31','2020-02-18 23:21:29'),(80,80,3,5,'1991-01-05 21:24:52','2020-02-18 23:21:29'),(81,81,40,2,'1996-11-12 05:35:22','2020-02-18 23:21:29'),(82,82,38,1,'1991-05-13 17:16:14','2020-02-18 23:21:29'),(83,83,21,10,'1976-05-05 08:43:45','2020-02-18 23:21:29'),(84,84,41,4,'1975-06-22 05:03:29','2020-02-18 23:21:29'),(85,85,43,10,'1982-10-27 10:04:55','2020-02-18 23:21:29'),(86,86,39,3,'1987-12-11 13:30:00','2020-02-18 23:21:29'),(87,87,16,2,'1970-02-23 05:59:07','2020-02-18 23:21:29'),(88,88,15,8,'1973-02-26 20:17:22','2020-02-18 23:21:29'),(89,89,23,7,'1995-04-09 09:18:05','2020-02-18 23:21:29'),(90,90,23,8,'2001-08-23 08:56:26','2020-02-18 23:21:29'),(91,91,43,5,'1984-10-26 01:51:17','2020-02-18 23:21:29'),(92,92,48,9,'1990-09-09 16:53:52','2020-02-18 23:21:29'),(93,93,10,10,'2010-07-26 23:26:49','2020-02-18 23:21:29'),(94,94,3,9,'2019-03-23 21:45:26','2020-02-18 23:21:29'),(95,95,37,8,'2019-01-29 02:13:33','2020-02-18 23:21:29'),(96,96,26,5,'1982-03-30 08:25:55','2020-02-18 23:21:29'),(97,97,19,7,'1982-08-03 05:59:43','2020-02-18 23:21:29'),(98,98,17,8,'1989-09-26 10:27:33','2020-02-18 23:21:29'),(99,99,28,7,'2005-11-06 01:57:26','2020-02-18 23:21:29'),(100,100,36,8,'1997-03-14 06:15:18','2020-02-18 23:21:29'),(101,101,45,6,'1992-09-07 01:04:02','2020-02-18 23:21:29'),(102,102,17,10,'1994-09-11 15:20:22','2020-02-18 23:21:29'),(103,103,2,4,'1993-11-25 14:03:47','2020-02-18 23:21:29'),(104,104,6,8,'1982-04-21 10:25:33','2020-02-18 23:21:29'),(105,105,22,9,'1974-07-09 10:40:16','2020-02-18 23:21:29'),(106,106,45,9,'2003-08-06 12:03:19','2020-02-18 23:21:29'),(107,107,6,10,'2016-04-06 08:28:30','2020-02-18 23:21:29'),(108,108,46,5,'1991-10-08 15:27:12','2020-02-18 23:21:29'),(109,109,10,7,'2000-09-16 13:14:33','2020-02-18 23:21:29'),(110,110,12,2,'1988-10-25 19:36:16','2020-02-18 23:21:29'),(111,111,31,2,'2000-07-24 23:46:02','2020-02-18 23:21:29'),(112,112,19,7,'1973-10-17 16:07:30','2020-02-18 23:21:29'),(113,113,1,3,'1998-02-20 23:19:42','2020-02-18 23:21:29'),(114,114,46,7,'1989-03-12 14:20:34','2020-02-18 23:21:29'),(115,115,27,9,'1977-05-21 05:07:54','2020-02-18 23:21:29'),(116,116,48,4,'2012-01-31 23:44:55','2020-02-18 23:21:29'),(117,117,7,10,'2005-06-25 11:09:03','2020-02-18 23:21:29'),(118,118,43,8,'1992-08-27 12:09:29','2020-02-18 23:21:29'),(119,119,41,7,'1992-02-21 09:05:17','2020-02-18 23:21:29'),(120,120,26,3,'1977-10-21 19:05:12','2020-02-18 23:21:29'),(121,121,8,2,'2007-10-07 14:36:35','2020-02-18 23:21:29'),(122,122,12,10,'1976-06-24 10:50:48','2020-02-18 23:21:29'),(123,123,36,1,'1994-02-21 09:49:03','2020-02-18 23:21:29'),(124,124,43,4,'1977-10-29 21:11:49','2020-02-18 23:21:29'),(125,125,7,7,'1992-10-24 11:42:58','2020-02-18 23:21:29'),(126,126,7,2,'1983-02-23 16:51:40','2020-02-18 23:21:29'),(127,127,10,1,'2012-02-14 17:46:46','2020-02-18 23:21:29'),(128,128,31,3,'1977-10-17 11:40:15','2020-02-18 23:21:29'),(129,129,25,9,'1984-10-02 23:14:16','2020-02-18 23:21:29'),(130,130,29,5,'1977-09-14 18:01:30','2020-02-18 23:21:29'),(131,131,22,9,'2019-10-13 18:30:38','2020-02-18 23:21:29'),(132,132,21,6,'1971-08-23 18:38:06','2020-02-18 23:21:29'),(133,133,38,1,'2008-12-01 22:43:11','2020-02-18 23:21:29'),(134,134,27,4,'1996-11-18 03:22:04','2020-02-18 23:21:29'),(135,135,23,10,'1994-10-05 22:31:19','2020-02-18 23:21:29'),(136,136,30,9,'2003-05-29 14:15:33','2020-02-18 23:21:29'),(137,137,31,9,'1995-05-10 11:32:40','2020-02-18 23:21:29'),(138,138,16,10,'2012-07-18 13:22:25','2020-02-18 23:21:29'),(139,139,36,7,'1995-02-04 11:58:08','2020-02-18 23:21:29'),(140,140,31,6,'1993-08-14 10:11:49','2020-02-18 23:21:29'),(141,141,47,8,'2010-12-29 13:05:40','2020-02-18 23:21:29'),(142,142,42,1,'2011-11-27 03:27:24','2011-11-27 03:27:24'),(143,143,19,5,'1981-12-29 10:10:17','2020-02-18 23:21:29'),(144,144,16,4,'2001-08-04 06:30:28','2020-02-18 23:21:29'),(145,145,23,9,'2014-11-28 02:50:12','2020-02-18 23:21:29'),(146,146,16,2,'2006-09-08 01:46:08','2020-02-18 23:21:29'),(147,147,12,10,'1992-02-12 09:42:40','2020-02-18 23:21:29'),(148,148,12,2,'2004-08-03 13:36:25','2020-02-18 23:21:29'),(149,149,21,8,'2005-06-10 17:27:18','2020-02-18 23:21:29'),(150,150,21,3,'2001-07-18 10:08:53','2020-02-18 23:21:29'),(151,151,42,1,'2007-04-07 17:04:22','2020-02-18 23:21:29'),(152,152,47,1,'1977-12-31 02:23:51','2020-02-18 23:21:29'),(153,153,9,3,'2005-09-20 19:22:43','2020-02-18 23:21:29'),(154,154,4,2,'1970-08-30 11:47:04','1994-11-14 21:04:54'),(155,155,39,4,'1978-11-11 18:42:11','2020-02-18 23:21:29'),(156,156,35,7,'1973-11-10 20:50:25','2020-02-18 23:21:29'),(157,157,8,6,'2013-09-17 12:13:19','2020-02-18 23:21:29'),(158,158,36,4,'1976-08-16 08:20:10','2020-02-18 23:21:29'),(159,159,2,10,'2019-08-06 05:35:39','2020-02-18 23:21:29'),(160,160,4,7,'2006-12-05 18:35:03','2020-02-18 23:21:29'),(161,161,15,7,'1972-11-20 09:43:57','2020-02-18 23:21:29'),(162,162,9,1,'2014-05-24 15:39:23','2020-02-18 23:21:29'),(163,163,50,1,'1997-02-20 17:26:11','2020-02-18 23:21:29'),(164,164,22,8,'2013-12-05 05:42:27','2020-02-18 23:21:29'),(165,165,10,9,'1998-09-27 17:33:46','2020-02-18 23:21:29'),(166,166,34,5,'1983-12-31 08:10:04','2020-02-18 23:21:29'),(167,167,38,6,'1985-09-25 10:12:29','2020-02-18 23:21:29'),(168,168,38,8,'2015-09-21 23:33:33','2020-02-18 23:21:29'),(169,169,24,6,'2013-04-05 12:12:06','2020-02-18 23:21:29'),(170,170,5,2,'2007-10-20 16:38:15','2020-02-18 23:21:29'),(171,171,5,9,'2001-11-26 21:03:04','2020-02-18 23:21:29'),(172,172,7,10,'2013-02-01 02:11:28','2020-02-18 23:21:29'),(173,173,23,3,'2019-10-01 16:38:53','2019-10-01 16:38:53'),(174,174,40,8,'1981-11-02 13:34:44','2020-02-18 23:21:29'),(175,175,33,6,'2010-07-04 07:41:04','2020-02-18 23:21:29'),(176,176,46,6,'2010-03-03 20:48:47','2020-02-18 23:21:29'),(177,177,27,4,'1986-05-17 15:37:17','2020-02-01 04:28:57'),(178,178,48,5,'1994-02-03 00:20:17','2020-02-18 23:21:29'),(179,179,7,9,'1973-10-20 20:03:53','2020-02-18 23:21:29'),(180,180,39,10,'1989-12-12 20:59:16','2020-02-18 23:21:29'),(181,181,27,5,'1999-08-20 13:32:09','2020-02-18 23:21:29'),(182,182,16,1,'1970-07-07 15:11:10','2020-02-18 23:21:29'),(183,183,47,5,'2018-05-06 02:13:53','2020-02-18 23:21:29'),(184,184,37,3,'2011-05-31 11:59:41','2020-02-18 23:21:29'),(185,185,45,2,'1987-08-13 14:06:52','2020-02-18 23:21:29'),(186,186,12,7,'1999-03-05 06:32:25','2020-02-18 23:21:29'),(187,187,27,9,'2008-05-30 22:23:46','2020-02-18 23:21:29'),(188,188,46,4,'1980-06-02 03:34:33','2020-02-18 23:21:29'),(189,189,49,3,'2016-06-09 17:26:54','2020-02-18 23:21:29'),(190,190,8,2,'1994-04-06 09:40:44','2020-02-18 23:21:29'),(191,191,43,6,'1991-05-03 16:07:29','2020-02-18 23:21:29'),(192,192,39,9,'1974-01-19 07:46:07','2020-02-18 23:21:29'),(193,193,15,10,'1978-07-22 14:54:32','2020-02-18 23:21:29'),(194,194,8,5,'2001-04-11 02:31:39','2020-02-18 23:21:29'),(195,195,46,9,'1982-08-03 22:34:19','2020-02-18 23:21:29'),(196,196,6,3,'1981-10-07 22:00:17','2020-02-18 23:21:29'),(197,197,42,4,'2002-11-03 11:11:05','2020-02-18 23:21:29'),(198,198,41,2,'2003-05-25 11:03:17','2020-02-18 23:21:29'),(199,199,27,2,'2000-02-26 21:42:12','2020-02-18 23:21:29'),(200,200,14,2,'1982-04-18 00:15:36','2020-02-18 23:21:29'),(201,201,38,8,'2017-01-08 07:43:28','2020-02-18 23:21:29'),(202,202,48,5,'1983-10-25 00:23:52','2020-02-18 23:21:29'),(203,203,24,9,'1980-11-29 01:26:49','2020-02-18 23:21:29'),(204,204,25,8,'1981-09-01 03:31:51','2020-02-18 23:21:29'),(205,205,4,9,'2012-01-24 00:13:13','2020-02-18 23:21:29'),(206,206,46,10,'2009-12-26 03:36:23','2020-02-18 23:21:29'),(207,207,16,7,'2016-03-14 16:36:22','2020-02-18 23:21:29'),(208,208,42,9,'1977-10-27 18:38:14','2020-02-18 23:21:29'),(209,209,12,3,'1977-08-11 02:24:06','2020-02-18 23:21:29'),(210,210,33,3,'1993-01-12 12:02:18','2020-02-18 23:21:29'),(211,211,27,3,'1992-06-01 18:18:30','2020-02-18 23:21:29'),(212,212,37,5,'2000-11-02 11:44:30','2020-02-18 23:21:29'),(213,213,4,4,'1978-07-22 14:54:17','2020-02-18 23:21:29'),(214,214,9,8,'2012-08-09 10:11:25','2020-02-18 23:21:29'),(215,215,31,4,'1978-01-03 07:54:37','2020-02-18 23:21:29'),(216,216,26,1,'1976-11-14 17:02:58','2020-02-18 23:21:29'),(217,217,38,8,'2014-01-03 09:20:47','2020-02-18 23:21:29'),(218,218,13,7,'1990-11-13 02:01:37','2020-02-18 23:21:29'),(219,219,50,1,'1987-06-07 17:16:44','2020-02-18 23:21:29'),(220,220,11,8,'2015-12-14 08:46:22','2020-02-18 23:21:29'),(221,221,3,6,'2017-06-05 04:13:24','2020-02-18 23:21:29'),(222,222,32,6,'2008-08-18 15:38:48','2020-02-18 23:21:29'),(223,223,1,2,'1979-04-12 15:58:24','2020-02-18 23:21:29'),(224,224,6,1,'1999-07-20 16:07:56','2020-02-18 23:21:29'),(225,225,30,8,'1991-12-09 21:21:01','2020-02-18 23:21:29'),(226,226,30,5,'2019-03-16 14:57:20','2020-02-18 23:21:29'),(227,227,10,10,'2011-08-14 16:18:57','2020-02-18 23:21:29'),(228,228,9,10,'2010-04-01 21:02:43','2020-02-18 23:21:29'),(229,229,13,5,'1995-08-03 11:09:03','2020-02-18 23:21:29'),(230,230,37,3,'1970-02-24 23:59:25','2020-02-18 23:21:29'),(231,231,45,6,'2013-05-27 09:24:10','2020-02-18 23:21:29'),(232,232,16,4,'1978-05-09 03:39:55','2020-02-18 23:21:29'),(233,233,42,10,'1994-03-25 09:36:10','2020-02-18 23:21:29'),(234,234,13,6,'2000-09-22 08:07:55','2020-02-18 23:21:29'),(235,235,40,1,'2012-03-07 11:02:36','2020-02-18 23:21:29'),(236,236,8,1,'2013-06-26 12:09:27','2020-02-18 23:21:29'),(237,237,22,6,'1980-12-14 22:37:24','2020-02-18 23:21:29'),(238,238,32,4,'1976-09-11 01:45:47','2020-02-18 23:21:29'),(239,239,47,9,'1996-08-27 04:08:35','2020-02-18 23:21:29'),(240,240,38,4,'1974-07-24 07:41:17','2020-02-18 23:21:29'),(241,241,46,3,'2007-04-24 02:32:52','2020-02-18 23:21:29'),(242,242,18,4,'1972-01-03 18:41:26','2020-02-18 23:21:29'),(243,243,50,1,'1991-12-30 18:40:19','2020-02-18 23:21:29'),(244,244,47,1,'2011-09-13 12:02:51','2020-02-18 23:21:29'),(245,245,35,6,'1982-02-04 14:52:39','2020-02-18 23:21:29'),(246,246,33,7,'2017-06-26 20:25:44','2020-02-18 23:21:29'),(247,247,11,6,'1985-12-10 17:47:48','2020-02-18 23:21:29'),(248,248,5,5,'1983-03-10 18:59:12','2020-02-18 23:21:29'),(249,249,40,3,'1994-03-15 01:07:30','2020-02-18 23:21:29'),(250,250,34,6,'2013-04-11 21:12:09','2020-02-18 23:21:29'),(251,251,1,5,'1973-05-21 14:59:23','1991-06-01 04:02:44'),(252,252,3,6,'2001-04-03 23:44:34','2020-02-18 23:21:29'),(253,253,10,1,'1981-02-09 21:30:18','2020-02-18 23:21:29'),(254,254,42,5,'2001-12-15 14:59:15','2020-02-18 23:21:29'),(255,255,29,3,'2019-06-29 10:18:03','2020-02-18 23:21:29'),(256,256,20,2,'1974-04-21 14:50:47','2020-02-18 23:21:29'),(257,257,11,4,'2001-04-07 16:43:22','2020-02-18 23:21:29'),(258,258,46,8,'2004-12-16 13:49:07','2020-02-18 23:21:29'),(259,259,47,9,'1993-09-09 03:19:12','2020-02-18 23:21:29'),(260,260,45,8,'1976-06-19 11:13:35','2020-02-18 23:21:29'),(261,261,34,5,'1978-11-21 15:51:35','2020-02-18 23:21:29'),(262,262,33,7,'1999-10-14 00:22:40','2020-02-18 23:21:29'),(263,263,13,2,'2006-05-02 00:34:34','2006-05-02 00:34:34'),(264,264,14,8,'1982-07-15 22:30:45','1989-01-26 19:14:54'),(265,265,33,5,'2008-04-03 05:02:53','2020-02-18 23:21:29'),(266,266,23,7,'1978-06-01 01:58:41','2020-02-18 23:21:29'),(267,267,15,1,'2014-11-30 02:32:22','2020-02-18 23:21:29'),(268,268,6,2,'1994-04-25 08:56:43','2020-02-18 23:21:29'),(269,269,34,1,'2010-11-13 04:40:37','2020-02-18 23:21:29'),(270,270,1,7,'1974-09-16 06:17:39','2020-02-18 23:21:29'),(271,271,2,9,'1980-01-25 17:29:28','2020-02-18 23:21:29'),(272,272,7,3,'1993-06-30 07:34:11','2020-02-18 23:21:29'),(273,273,29,2,'2004-12-28 01:03:42','2020-02-18 23:21:29'),(274,274,21,6,'1988-01-27 20:18:16','2020-02-18 23:21:29'),(275,275,20,8,'1978-09-22 17:56:58','2020-02-18 23:21:29'),(276,276,35,2,'1983-04-16 05:46:17','2020-02-18 23:21:29'),(277,277,16,6,'2015-01-07 19:04:33','2020-02-18 23:21:29'),(278,278,25,9,'1985-11-19 18:50:06','2020-02-18 23:21:29'),(279,279,27,4,'1973-04-25 02:05:35','2020-02-18 23:21:29'),(280,280,8,2,'1983-06-18 20:38:20','2020-02-18 23:21:29'),(281,281,11,8,'2003-08-30 06:47:46','2020-02-18 23:21:29'),(282,282,29,3,'2004-05-27 06:54:11','2020-02-18 23:21:29'),(283,283,10,2,'1971-04-15 21:06:30','2020-02-18 23:21:29'),(284,284,15,1,'1985-09-30 12:46:14','2020-02-18 23:21:29'),(285,285,42,2,'2014-01-22 01:36:17','2020-02-18 23:21:29'),(286,286,17,9,'1978-08-27 07:11:04','2020-02-18 23:21:29'),(287,287,9,10,'2003-01-11 02:08:53','2020-02-18 23:21:29'),(288,288,44,5,'2006-03-13 15:40:45','2020-02-18 23:21:29'),(289,289,41,4,'1974-05-31 04:11:42','2020-02-18 23:21:29'),(290,290,21,2,'2013-05-19 05:08:08','2020-02-18 23:21:29'),(291,291,33,6,'2019-01-31 09:41:19','2020-02-18 23:21:29'),(292,292,2,3,'2008-10-06 15:07:56','2020-02-18 23:21:29'),(293,293,12,8,'2000-12-17 07:24:02','2020-02-18 23:21:29'),(294,294,1,2,'1997-06-10 01:01:40','2020-02-18 23:21:29'),(295,295,21,2,'1982-04-14 22:02:33','2020-02-18 23:21:29'),(296,296,50,8,'1983-02-18 10:30:50','2020-02-18 23:21:29'),(297,297,36,1,'1978-06-18 01:13:22','2020-02-18 23:21:29'),(298,298,31,10,'2004-02-22 07:32:37','2020-02-18 23:21:29'),(299,299,47,7,'1998-09-26 15:21:30','2020-02-18 23:21:29'),(300,300,42,6,'1971-09-04 12:10:10','2020-02-18 23:21:29'),(301,301,16,10,'2016-01-28 15:41:21','2020-02-18 23:21:29'),(302,302,3,9,'1987-04-06 18:24:34','2020-02-18 23:21:29'),(303,303,18,5,'1980-06-25 19:36:46','2020-02-18 23:21:29'),(304,304,32,4,'1992-02-28 10:10:23','2020-02-18 23:21:29'),(305,305,6,3,'1972-07-25 16:36:37','2020-02-18 23:21:29'),(306,306,30,1,'1977-10-18 12:31:42','2020-02-18 23:21:29'),(307,307,34,4,'2005-12-11 14:43:16','2020-02-18 23:21:29'),(308,308,30,5,'2007-03-22 02:37:48','2020-02-18 23:21:29'),(309,309,48,9,'2001-05-06 17:55:44','2020-02-18 23:21:29'),(310,310,49,4,'2009-08-24 11:26:57','2020-02-18 23:21:29'),(311,311,2,9,'1996-02-06 22:22:27','2020-02-18 23:21:29'),(312,312,9,4,'1973-07-27 17:35:44','2020-02-18 23:21:29'),(313,313,41,2,'2003-06-14 11:34:38','2020-02-18 23:21:29'),(314,314,25,1,'1987-01-24 16:05:39','2020-02-18 23:21:29'),(315,315,5,9,'1999-03-20 02:49:50','2020-02-18 23:21:29'),(316,316,47,5,'2003-05-28 05:02:45','2020-02-18 23:21:29'),(317,317,21,10,'1987-04-29 15:57:06','2020-02-18 23:21:29'),(318,318,11,6,'1971-07-01 03:01:54','2020-02-18 23:21:29'),(319,319,43,3,'1997-06-19 18:24:35','2020-02-18 23:21:29'),(320,320,33,4,'1988-08-24 10:47:02','2020-02-18 23:21:29'),(321,321,34,3,'2000-03-13 03:13:37','2020-02-18 23:21:29'),(322,322,19,1,'1973-07-08 06:43:47','2020-02-18 23:21:29'),(323,323,44,2,'2008-11-29 08:45:20','2020-02-18 23:21:29'),(324,324,14,5,'2020-02-04 07:15:09','2020-02-18 23:21:29'),(325,325,38,6,'1993-05-30 02:14:12','2020-02-18 23:21:29'),(326,326,47,10,'2013-11-19 07:35:05','2020-02-18 23:21:29'),(327,327,21,7,'2009-04-16 07:34:23','2020-02-18 23:21:29'),(328,328,13,8,'2012-04-09 14:03:49','2020-02-18 23:21:29'),(329,329,49,6,'1974-11-04 05:12:01','2020-02-18 23:21:29'),(330,330,9,10,'1995-06-29 06:21:26','2020-02-18 23:21:29'),(331,331,48,3,'2005-06-05 22:46:29','2020-02-18 23:21:29'),(332,332,9,10,'2013-09-20 18:06:23','2020-02-18 23:21:29'),(333,333,3,5,'2010-11-20 02:53:03','2020-02-18 23:21:29'),(334,334,35,7,'1982-11-14 01:28:17','2020-02-18 23:21:29'),(335,335,18,10,'1989-08-26 19:17:30','2020-02-18 23:21:29'),(336,336,34,6,'1993-04-02 09:40:40','2020-02-18 23:21:29'),(337,337,14,2,'1985-11-22 09:52:59','2020-02-18 23:21:29'),(338,338,19,4,'2006-01-05 08:11:23','2020-02-18 23:21:29'),(339,339,1,5,'2008-08-01 04:51:34','2020-02-18 23:21:29'),(340,340,46,8,'2003-03-20 06:38:47','2020-02-18 23:21:29'),(341,341,30,6,'1986-02-07 21:44:03','2020-02-18 23:21:29'),(342,342,11,5,'1970-08-30 12:32:03','2020-02-18 23:21:29'),(343,343,13,10,'1972-08-29 22:31:50','2020-02-18 23:21:29'),(344,344,31,3,'1982-12-12 21:09:25','2020-02-18 23:21:29'),(345,345,18,3,'1995-07-07 18:38:30','2020-02-18 23:21:29'),(346,346,46,6,'1978-01-28 04:34:28','1989-03-31 19:26:39'),(347,347,27,5,'2010-07-10 06:52:50','2020-02-18 23:21:29'),(348,348,44,3,'1980-10-28 11:32:37','2020-02-18 23:21:29'),(349,349,39,6,'2011-06-21 07:57:41','2020-02-18 23:21:29'),(350,350,13,1,'1985-09-13 18:53:12','2020-02-18 23:21:29'),(351,351,45,9,'1987-06-08 22:01:26','2020-02-18 23:21:29'),(352,352,38,6,'1976-02-25 05:22:52','2020-02-18 23:21:29'),(353,353,6,9,'1974-08-19 17:11:51','2020-02-18 23:21:29'),(354,354,13,9,'2016-10-16 01:52:29','2020-02-18 23:21:29'),(355,355,49,10,'1970-05-16 17:08:59','2020-02-18 23:21:29'),(356,356,6,8,'2010-11-26 22:13:35','2010-11-26 22:13:35'),(357,357,29,1,'2009-04-03 10:15:57','2020-02-18 23:21:29'),(358,358,30,4,'2009-08-23 22:43:34','2020-02-18 23:21:29'),(359,359,9,5,'1979-02-11 03:25:41','2005-06-05 00:15:01'),(360,360,6,6,'1988-05-31 12:48:49','2020-02-18 23:21:29'),(361,361,5,2,'1995-02-28 15:35:31','2020-02-18 23:21:29'),(362,362,3,7,'1987-11-20 13:41:25','2020-02-18 23:21:29'),(363,363,50,9,'1994-03-07 04:13:15','2020-02-18 23:21:29'),(364,364,40,1,'1978-04-30 09:35:28','2020-02-18 23:21:29'),(365,365,2,3,'1992-11-29 09:47:31','2020-02-18 23:21:29'),(366,366,38,3,'1993-11-16 19:10:54','2020-02-18 23:21:29'),(367,367,32,2,'2001-11-03 13:28:42','2020-02-18 23:21:29'),(368,368,46,7,'1999-12-12 13:43:42','2020-02-18 23:21:29'),(369,369,34,1,'1988-10-09 00:31:27','2020-02-18 23:21:29'),(370,370,31,3,'1998-08-12 06:56:03','2020-02-18 23:21:29'),(371,371,2,2,'2009-01-14 17:01:57','2020-02-18 23:21:29'),(372,372,15,10,'1972-11-24 10:03:48','2020-02-18 23:21:29'),(373,373,20,10,'1984-06-25 06:28:53','2020-02-18 23:21:29'),(374,374,5,8,'1974-01-01 07:44:34','2020-02-18 23:21:29'),(375,375,12,10,'1992-10-30 22:10:33','2020-02-18 23:21:29'),(376,376,48,3,'2009-05-03 17:09:20','2020-02-18 23:21:29'),(377,377,1,10,'1992-07-09 14:11:20','2020-02-18 23:21:29'),(378,378,12,3,'1998-01-14 00:21:36','2020-02-18 23:21:29'),(379,379,5,6,'1992-09-20 02:24:12','2020-02-18 23:21:29'),(380,380,39,6,'1991-04-23 01:33:27','2020-02-18 23:21:29'),(381,381,30,8,'1993-07-26 15:27:26','2020-02-18 23:21:29'),(382,382,34,3,'2000-11-12 21:33:26','2020-02-18 23:21:29'),(383,383,29,10,'2016-06-27 07:27:41','2020-02-18 23:21:29'),(384,384,44,3,'2003-08-21 09:16:46','2020-02-18 23:21:29'),(385,385,31,1,'2007-10-29 09:11:40','2020-02-18 23:21:29'),(386,386,22,2,'2019-07-27 04:15:04','2020-02-18 23:21:29'),(387,387,15,8,'1994-03-26 07:50:35','2020-02-18 23:21:29'),(388,388,11,5,'1995-10-12 23:24:13','2020-02-18 23:21:29'),(389,389,10,2,'1989-12-30 01:07:21','2020-02-18 23:21:29'),(390,390,16,10,'2012-06-13 22:55:16','2020-02-18 23:21:29'),(391,391,1,8,'1979-11-07 23:18:13','2020-02-18 23:21:29'),(392,392,4,7,'1971-08-08 19:57:50','2020-02-18 23:21:29'),(393,393,17,9,'1972-12-21 10:26:54','2020-02-18 23:21:29'),(394,394,24,9,'2010-01-16 10:56:22','2020-02-18 23:21:29'),(395,395,17,1,'2005-07-02 16:05:45','2020-02-18 23:21:29'),(396,396,15,3,'1994-06-02 04:28:41','2020-02-18 23:21:29'),(397,397,22,7,'2010-05-06 08:56:29','2020-02-18 23:21:29'),(398,398,15,3,'2006-03-08 21:57:53','2020-02-18 23:21:29'),(399,399,10,7,'1980-07-17 18:41:46','2020-02-18 23:21:29'),(400,400,2,9,'1994-04-15 03:20:18','2020-02-18 23:21:29'),(401,401,32,2,'1970-08-01 00:10:34','2020-02-18 23:21:29'),(402,402,50,10,'1998-07-12 02:28:27','2020-02-18 23:21:29'),(403,403,6,2,'1983-05-02 19:30:53','2020-02-18 23:21:29'),(404,404,29,5,'1988-10-05 09:19:07','2020-02-18 23:21:29'),(405,405,28,8,'1987-02-20 19:48:07','2020-02-18 23:21:29'),(406,406,1,1,'2016-02-28 11:41:46','2020-02-18 23:21:29'),(407,407,20,5,'2018-06-26 14:20:01','2020-02-18 23:21:29'),(408,408,46,2,'2004-09-29 06:36:23','2020-02-18 23:21:29'),(409,409,21,8,'1981-04-11 22:21:53','2020-02-18 23:21:29'),(410,410,18,4,'1974-08-17 04:22:37','2020-02-18 23:21:29'),(411,411,25,5,'1983-12-30 06:48:20','2020-02-18 23:21:29'),(412,412,19,10,'1990-02-10 17:12:09','2020-02-18 23:21:29'),(413,413,20,10,'2011-07-18 11:01:55','2020-02-18 23:21:29'),(414,414,44,3,'1986-03-01 02:33:04','2020-02-18 23:21:29'),(415,415,8,10,'1990-01-18 12:49:03','2020-02-18 23:21:29'),(416,416,8,4,'1970-03-07 02:32:43','2020-02-18 23:21:29'),(417,417,15,4,'2000-11-02 04:04:40','2020-02-18 23:21:29'),(418,418,2,4,'1993-10-28 09:56:37','2020-02-18 23:21:29'),(419,419,15,7,'1995-02-06 03:46:44','2020-02-18 23:21:29'),(420,420,16,6,'1997-12-17 14:06:41','2020-02-18 23:21:29'),(421,421,34,4,'1977-01-13 12:42:13','2020-02-18 23:21:29'),(422,422,22,10,'2013-01-10 05:01:59','2017-03-25 15:30:26'),(423,423,6,2,'1982-12-07 08:25:07','2020-02-18 23:21:29'),(424,424,16,9,'1974-09-30 12:03:33','2020-02-18 23:21:29'),(425,425,10,4,'2010-05-11 15:37:37','2020-02-18 23:21:29'),(426,426,1,1,'2003-10-10 16:16:34','2020-02-18 23:21:29'),(427,427,23,2,'1979-02-06 15:00:23','2020-02-18 23:21:29'),(428,428,13,9,'1993-05-21 22:53:20','2020-02-18 23:21:29'),(429,429,47,3,'2001-04-01 15:50:36','2020-02-18 23:21:29'),(430,430,45,6,'2018-01-29 03:42:33','2020-02-18 23:21:29'),(431,431,33,6,'1992-10-25 12:01:34','2020-02-18 23:21:29'),(432,432,29,3,'1975-02-13 03:46:02','2020-02-18 23:21:29'),(433,433,47,4,'1972-11-19 03:35:39','2020-02-18 23:21:29'),(434,434,45,3,'1976-08-06 17:01:15','2020-02-18 23:21:29'),(435,435,35,4,'2006-05-28 09:44:00','2006-05-28 09:44:00'),(436,436,39,1,'1973-05-27 00:07:46','2020-02-18 23:21:29'),(437,437,38,1,'1982-08-23 14:58:47','2020-02-18 23:21:29'),(438,438,25,10,'1977-03-18 16:21:19','2020-02-18 23:21:29'),(439,439,9,9,'1996-08-20 05:07:10','2020-02-18 23:21:29'),(440,440,21,5,'1984-02-10 11:29:22','2020-02-18 23:21:29'),(441,441,28,1,'1973-11-16 00:08:15','2020-02-18 23:21:29'),(442,442,24,7,'2008-03-01 02:57:39','2020-02-18 23:21:29'),(443,443,38,6,'2003-09-27 12:37:55','2020-02-18 23:21:29'),(444,444,15,5,'1990-01-06 10:46:07','2020-02-18 23:21:29'),(445,445,13,1,'1995-03-09 04:30:15','2020-02-18 23:21:29'),(446,446,17,8,'1991-10-28 13:12:53','2020-02-18 23:21:29'),(447,447,47,2,'2012-01-16 23:26:15','2012-06-24 18:22:25'),(448,448,33,10,'2019-08-01 23:37:41','2020-02-18 23:21:29'),(449,449,26,1,'1980-11-08 19:37:49','2020-02-18 23:21:29'),(450,450,27,6,'1970-03-26 02:33:21','2020-02-18 23:21:29'),(451,451,9,4,'1981-08-18 21:10:21','2020-02-18 23:21:29'),(452,452,13,9,'1999-10-05 20:20:04','2020-02-18 23:21:29'),(453,453,37,7,'1980-08-23 19:00:10','2020-02-18 23:21:29'),(454,454,44,3,'2012-11-19 21:43:28','2020-02-18 23:21:29'),(455,455,10,5,'1982-09-05 10:11:44','2020-02-18 23:21:29'),(456,456,19,4,'2008-12-04 01:44:16','2020-02-18 23:21:29'),(457,457,12,9,'1990-10-22 07:29:13','2020-02-18 23:21:29'),(458,458,3,1,'2002-11-05 18:31:27','2020-02-18 23:21:29'),(459,459,31,5,'2018-09-13 22:02:21','2020-02-18 23:21:29'),(460,460,44,5,'1989-10-22 04:12:34','2020-02-18 23:21:29'),(461,461,25,1,'2013-12-07 22:48:43','2020-02-18 23:21:29'),(462,462,43,10,'2013-03-16 13:08:58','2020-02-18 23:21:29'),(463,463,38,3,'1984-08-29 18:52:27','2020-02-18 23:21:29'),(464,464,13,1,'1995-02-20 08:36:23','2020-02-18 23:21:29'),(465,465,50,2,'1984-01-05 07:17:40','2020-02-18 23:21:29'),(466,466,12,1,'1989-08-28 01:19:34','2020-02-18 23:21:29'),(467,467,10,8,'1992-10-02 07:22:48','2020-02-18 23:21:29'),(468,468,12,9,'1976-01-06 06:29:46','2020-02-18 23:21:29'),(469,469,28,6,'1978-06-25 07:09:14','2020-02-18 23:21:29'),(470,470,3,8,'2008-12-11 21:27:44','2020-02-18 23:21:29'),(471,471,34,3,'2014-09-18 21:42:08','2020-02-18 23:21:29'),(472,472,8,5,'2009-01-26 00:22:35','2020-02-18 23:21:29'),(473,473,37,9,'2002-08-31 20:43:18','2020-02-18 23:21:29'),(474,474,11,8,'1990-02-25 15:53:34','2020-02-18 23:21:29'),(475,475,45,2,'2000-05-10 08:06:11','2020-02-18 23:21:29'),(476,476,41,1,'1988-08-09 12:00:45','2020-02-18 23:21:29'),(477,477,21,7,'2004-03-01 18:16:06','2020-02-18 23:21:29'),(478,478,29,4,'1974-04-16 15:51:08','2020-02-18 23:21:29'),(479,479,34,2,'2012-08-29 05:48:50','2020-02-18 23:21:29'),(480,480,32,3,'2012-09-07 07:22:28','2020-02-18 23:21:29'),(481,481,8,2,'2009-07-27 22:05:49','2020-02-18 23:21:29'),(482,482,41,9,'2009-10-12 04:36:49','2020-02-18 23:21:29'),(483,483,32,1,'2019-07-25 09:51:04','2020-02-18 23:21:29'),(484,484,37,4,'2001-05-04 03:35:11','2020-02-18 23:21:29'),(485,485,38,8,'2012-11-23 22:42:35','2020-02-18 23:21:29'),(486,486,30,6,'2015-03-09 02:20:03','2020-02-18 23:21:29'),(487,487,33,9,'2013-02-01 02:40:39','2020-02-18 23:21:29'),(488,488,25,7,'2010-08-01 06:54:53','2020-02-18 23:21:29'),(489,489,27,9,'1999-06-16 05:16:16','2020-02-18 23:21:29'),(490,490,9,9,'1997-12-27 09:06:21','2020-02-18 23:21:29'),(491,491,15,6,'1986-08-21 03:19:31','2020-02-18 23:21:29'),(492,492,48,7,'1998-12-29 07:37:59','2020-02-18 23:21:29'),(493,493,44,2,'1975-05-10 10:25:10','2020-02-18 23:21:29'),(494,494,24,4,'2011-01-10 19:26:28','2020-02-18 23:21:29'),(495,495,39,10,'2006-06-02 19:06:52','2020-02-18 23:21:29'),(496,496,20,5,'2012-11-17 01:43:10','2020-02-18 23:21:29'),(497,497,33,1,'1981-01-18 22:33:02','2020-02-18 23:21:29'),(498,498,6,4,'2007-10-17 14:47:52','2020-02-18 23:21:29'),(499,499,28,8,'1998-10-27 13:46:48','2020-02-18 23:21:29'),(500,500,25,1,'1980-03-07 07:29:27','2020-02-18 23:21:29'),(501,501,39,10,'1973-12-01 22:38:56','2020-02-18 23:21:29'),(502,502,18,1,'1982-08-29 22:58:40','2020-02-18 23:21:29'),(503,503,22,2,'1971-06-22 12:38:08','2020-02-18 23:21:29'),(504,504,5,9,'1991-08-06 03:52:17','2020-02-18 23:21:29'),(505,505,9,5,'1988-08-25 15:45:32','2020-02-18 23:21:29'),(506,506,32,5,'1984-08-03 20:07:54','2020-02-18 23:21:29'),(507,507,29,4,'1976-10-16 00:06:12','2020-02-18 23:21:29'),(508,508,50,3,'1985-11-23 18:16:34','2020-02-18 23:21:29'),(509,509,13,1,'1984-10-03 11:15:30','2020-02-18 23:21:29'),(510,510,14,6,'1989-04-21 00:05:36','2020-02-18 23:21:29'),(511,511,31,3,'2015-01-09 20:18:31','2020-02-18 23:21:29'),(512,512,10,9,'2007-05-31 06:17:02','2020-02-18 23:21:29'),(513,513,10,10,'2013-11-25 12:50:38','2020-02-18 23:21:29'),(514,514,17,5,'1983-04-05 07:27:05','2020-02-18 23:21:29'),(515,515,5,10,'1985-12-22 11:39:03','2020-02-18 23:21:29'),(516,516,24,5,'1992-03-11 16:07:56','2020-02-18 23:21:29'),(517,517,4,10,'1987-09-29 15:51:44','2020-02-18 23:21:29'),(518,518,50,7,'2014-10-16 03:50:03','2020-02-18 23:21:29'),(519,519,35,6,'2014-10-27 06:00:55','2020-02-18 23:21:29'),(520,520,24,7,'1980-01-12 19:45:57','2020-02-18 23:21:29'),(521,521,15,7,'2013-07-20 03:29:20','2020-02-18 23:21:29'),(522,522,4,8,'2010-06-26 19:08:46','2020-02-18 23:21:29'),(523,523,22,8,'1975-09-28 18:22:07','2020-02-18 23:21:29'),(524,524,49,5,'2005-02-06 14:33:27','2020-02-18 23:21:29'),(525,525,29,6,'1999-03-07 21:25:26','2020-02-18 23:21:29'),(526,526,46,2,'1973-03-05 23:20:54','2020-02-18 23:21:29'),(527,527,45,5,'1987-12-13 07:33:21','2020-02-18 23:21:29'),(528,528,34,10,'1973-09-14 03:41:43','2020-02-18 23:21:29'),(529,529,35,9,'1999-11-19 03:58:26','2020-02-18 23:21:29'),(530,530,23,1,'2018-01-05 01:22:33','2020-02-18 23:21:29'),(531,531,8,2,'2008-02-19 23:36:33','2020-02-18 23:21:29'),(532,532,20,1,'2010-03-11 11:24:05','2020-02-18 23:21:29'),(533,533,24,2,'1975-12-23 04:44:37','2020-02-18 23:21:29'),(534,534,13,7,'2006-12-16 12:14:52','2020-02-18 23:21:29'),(535,535,41,8,'2010-06-20 18:18:41','2020-02-18 23:21:29'),(536,536,14,3,'2012-02-18 16:58:12','2020-02-18 23:21:29'),(537,537,46,10,'1982-07-30 14:22:27','2020-02-18 23:21:29'),(538,538,38,9,'2003-04-17 17:01:57','2005-11-07 17:24:05'),(539,539,4,8,'2000-04-20 19:03:22','2020-02-18 23:21:29'),(540,540,4,4,'1981-09-29 05:03:43','2020-02-18 23:21:29'),(541,541,9,4,'2019-07-12 21:51:04','2020-02-18 23:21:29'),(542,542,30,6,'1995-09-03 12:42:54','2020-02-18 23:21:29'),(543,543,24,10,'1973-11-08 14:38:31','2020-02-18 23:21:29'),(544,544,30,6,'2006-05-23 21:13:45','2020-02-18 23:21:29'),(545,545,27,10,'1972-03-18 23:13:33','2020-02-18 23:21:29'),(546,546,44,5,'1995-08-03 12:04:14','2020-02-18 23:21:29'),(547,547,38,9,'1989-01-21 17:32:35','2020-02-18 23:21:29'),(548,548,9,3,'2017-04-23 18:39:13','2020-02-18 23:21:29'),(549,549,30,7,'1995-10-31 08:28:59','2020-02-18 23:21:29'),(550,550,22,9,'1971-10-01 17:15:44','2020-02-18 23:21:29'),(551,551,18,8,'2019-07-20 07:44:41','2020-02-18 23:21:29'),(552,552,24,5,'2004-02-22 05:15:49','2020-02-18 23:21:29'),(553,553,17,10,'2003-03-31 08:50:21','2020-02-18 23:21:29'),(554,554,12,2,'2016-03-27 10:50:26','2020-02-18 23:21:29'),(555,555,7,6,'2000-11-06 05:06:44','2020-02-18 23:21:29'),(556,556,50,3,'1986-11-15 14:51:12','2020-02-18 23:21:29'),(557,557,26,9,'1975-04-25 22:14:14','2020-02-18 23:21:29'),(558,558,31,9,'1980-01-17 08:33:55','2020-02-18 23:21:29'),(559,559,28,8,'2004-10-03 23:51:00','2020-02-18 23:21:29'),(560,560,43,9,'2001-07-20 15:16:52','2020-02-18 23:21:29'),(561,561,34,8,'2016-07-11 12:27:51','2020-02-18 23:21:29'),(562,562,40,2,'1992-10-18 13:01:16','2020-02-18 23:21:29'),(563,563,46,5,'1997-07-11 06:59:53','2020-02-18 23:21:29'),(564,564,9,2,'1999-03-26 06:46:12','2020-02-18 23:21:29'),(565,565,8,6,'2013-12-08 13:05:55','2020-02-18 23:21:29'),(566,566,12,6,'1996-10-07 08:28:41','2020-02-18 23:21:29'),(567,567,35,5,'1984-07-03 12:44:18','2020-02-18 23:21:29'),(568,568,41,6,'1971-07-25 01:56:48','2020-02-18 23:21:29'),(569,569,47,4,'2016-03-12 09:12:11','2020-02-18 23:21:29'),(570,570,10,7,'2006-01-29 10:38:35','2020-02-18 23:21:29'),(571,571,11,4,'2006-03-25 17:27:17','2020-02-18 23:21:29'),(572,572,23,10,'1971-09-12 18:07:52','2020-02-18 23:21:29'),(573,573,32,3,'1979-04-17 18:47:36','2020-02-18 23:21:29'),(574,574,39,1,'1985-02-07 05:07:45','2020-02-18 23:21:29'),(575,575,48,3,'2000-10-05 14:37:23','2020-02-18 23:21:29'),(576,576,26,2,'1985-09-23 20:18:34','2004-02-24 08:42:27'),(577,577,32,5,'1996-06-27 13:10:39','2020-02-18 23:21:29'),(578,578,34,9,'2003-10-11 05:01:15','2020-02-18 23:21:29'),(579,579,23,4,'2000-08-31 04:17:39','2020-02-18 23:21:29'),(580,580,13,2,'1992-02-22 19:52:50','2020-02-18 23:21:29'),(581,581,44,9,'1988-03-20 08:30:36','2020-02-18 23:21:29'),(582,582,33,8,'1990-12-21 18:21:50','2020-02-18 23:21:29'),(583,583,30,9,'1978-02-28 04:51:59','2020-02-18 23:21:29'),(584,584,2,6,'1977-02-16 21:58:53','2020-02-18 23:21:29'),(585,585,18,9,'2012-11-22 13:53:47','2020-02-18 23:21:29'),(586,586,36,9,'1972-04-27 08:30:51','1982-05-21 05:40:52'),(587,587,25,2,'1983-12-16 11:43:45','2020-02-18 23:21:29'),(588,588,16,5,'2003-04-07 02:07:01','2020-02-18 23:21:29'),(589,589,3,1,'1991-04-20 11:29:22','2020-02-18 23:21:29'),(590,590,16,7,'1998-02-08 15:38:05','2020-02-18 23:21:29'),(591,591,21,7,'1983-10-06 17:57:54','2020-02-18 23:21:29'),(592,592,6,3,'1981-08-10 07:15:40','2020-02-18 23:21:29'),(593,593,17,7,'1992-06-15 17:02:10','2020-02-18 23:21:29'),(594,594,18,4,'1983-07-30 17:24:44','2020-02-18 23:21:29'),(595,595,36,5,'1980-09-30 15:03:08','2020-02-18 23:21:29'),(596,596,28,8,'1978-11-06 08:48:27','2020-02-18 23:21:29'),(597,597,28,9,'1975-03-09 06:37:14','2020-02-18 23:21:29'),(598,598,9,5,'1989-11-09 00:09:35','2020-02-18 23:21:29'),(599,599,9,6,'1973-07-27 04:24:05','2020-02-18 23:21:29'),(600,600,17,5,'1992-10-20 06:40:02','2020-02-18 23:21:29'),(601,601,8,6,'2003-09-15 01:56:26','2020-02-18 23:21:29'),(602,602,40,8,'2011-04-22 20:36:39','2020-02-18 23:21:29'),(603,603,25,5,'1970-11-13 14:31:26','2020-02-18 23:21:29'),(604,604,3,9,'1982-09-19 13:53:40','2020-02-18 23:21:29'),(605,605,40,8,'1982-02-17 11:38:28','2020-02-18 23:21:29'),(606,606,39,4,'1977-10-31 04:14:39','2020-02-18 23:21:29'),(607,607,27,3,'1983-10-20 22:23:57','2020-02-18 23:21:29'),(608,608,15,8,'1976-12-12 20:40:30','2020-02-18 23:21:29'),(609,609,47,2,'1992-11-07 02:01:02','2020-02-18 23:21:29'),(610,610,36,6,'1985-12-09 22:40:14','2020-02-18 23:21:29'),(611,611,41,1,'2019-07-23 02:08:07','2020-02-18 23:21:29'),(612,612,45,2,'1996-02-24 11:46:21','2020-02-18 23:21:29'),(613,613,3,2,'2008-12-07 19:21:03','2020-02-18 23:21:29'),(614,614,29,2,'1981-03-11 19:36:55','2020-02-18 23:21:29'),(615,615,34,9,'2007-11-08 11:37:12','2020-02-18 23:21:29'),(616,616,34,8,'1998-05-14 23:58:09','2020-02-18 23:21:29'),(617,617,19,1,'1973-10-09 20:10:15','2020-02-18 23:21:29'),(618,618,40,5,'1989-02-06 22:50:09','2020-02-18 23:21:29'),(619,619,44,5,'1975-04-29 19:54:04','2020-02-18 23:21:29'),(620,620,47,7,'1992-10-11 11:11:19','2020-02-18 23:21:29'),(621,621,5,5,'1972-07-10 13:04:50','2020-02-18 23:21:29'),(622,622,35,1,'2015-02-11 20:04:49','2020-02-18 23:21:29'),(623,623,6,1,'2014-10-15 12:35:10','2020-02-18 23:21:29'),(624,624,26,3,'2004-08-13 08:29:42','2020-02-18 23:21:29'),(625,625,13,3,'1999-06-06 10:08:53','2020-02-18 23:21:29'),(626,626,37,6,'2005-07-11 12:37:56','2020-02-18 23:21:29'),(627,627,45,7,'1971-10-28 02:33:48','2020-02-18 23:21:29'),(628,628,11,9,'2008-02-13 16:41:18','2020-02-18 23:21:29'),(629,629,23,4,'1971-11-02 17:57:35','2020-02-18 23:21:29'),(630,630,28,8,'2000-11-20 05:49:52','2020-02-18 23:21:29'),(631,631,22,2,'1995-04-30 03:49:07','2020-02-18 23:21:29'),(632,632,24,8,'2018-04-17 21:04:20','2020-02-18 23:21:29'),(633,633,6,6,'2019-02-10 05:58:01','2020-02-18 23:21:29'),(634,634,7,7,'1984-09-20 10:02:17','2020-02-18 23:21:29'),(635,635,14,2,'1973-05-21 13:29:08','2020-02-18 23:21:29'),(636,636,1,7,'2001-11-11 00:45:29','2020-02-18 23:21:29'),(637,637,10,2,'1988-04-07 05:57:07','2020-02-18 23:21:29'),(638,638,48,3,'2010-12-25 06:03:35','2020-02-18 23:21:29'),(639,639,9,5,'2002-11-12 12:23:31','2020-02-18 23:21:29'),(640,640,50,1,'1979-01-26 18:23:44','2020-02-18 23:21:29'),(641,641,23,2,'1983-01-18 13:02:59','2020-02-18 23:21:29'),(642,642,14,4,'2012-02-10 17:56:23','2020-02-18 23:21:29'),(643,643,2,7,'2004-11-23 02:29:01','2020-02-18 23:21:29'),(644,644,18,9,'1991-10-06 00:10:36','2020-02-18 23:21:29'),(645,645,34,8,'1974-05-20 21:17:50','2020-02-18 23:21:29'),(646,646,13,6,'1975-03-30 14:59:20','2020-02-18 23:21:29'),(647,647,12,8,'2005-02-05 05:17:56','2020-02-18 23:21:29'),(648,648,21,3,'1984-09-20 23:47:31','2020-02-18 23:21:29'),(649,649,17,3,'1978-12-13 10:26:12','2020-02-18 23:21:29'),(650,650,22,4,'1973-08-12 15:03:03','2020-02-18 23:21:29'),(651,651,8,8,'1982-02-03 17:21:59','2020-02-18 23:21:29'),(652,652,26,3,'2016-11-28 09:03:50','2020-02-18 23:21:29'),(653,653,5,3,'2018-03-22 14:34:05','2020-02-18 23:21:29'),(654,654,45,7,'1989-11-18 12:04:50','2020-02-18 23:21:29'),(655,655,12,9,'1999-12-09 14:31:11','2020-02-18 23:21:29'),(656,656,22,9,'2006-01-26 03:06:27','2020-02-18 23:21:29'),(657,657,24,9,'1973-08-20 23:22:45','2020-02-18 23:21:29'),(658,658,6,10,'1995-01-20 08:39:56','2020-02-18 23:21:29'),(659,659,4,3,'1979-08-10 20:45:33','2020-02-18 23:21:29'),(660,660,2,7,'2008-11-05 17:31:13','2020-02-18 23:21:29'),(661,661,48,6,'2015-12-21 22:17:44','2020-02-18 23:21:29'),(662,662,34,6,'2014-02-19 04:01:47','2020-02-18 23:21:29'),(663,663,25,7,'2009-08-10 15:42:05','2020-02-18 23:21:29'),(664,664,24,6,'2001-03-02 00:40:10','2020-02-18 23:21:29'),(665,665,43,9,'1993-11-16 03:12:28','2020-02-18 23:21:29'),(666,666,42,9,'1986-09-15 08:27:45','2020-02-18 23:21:29'),(667,667,32,10,'2018-08-16 00:43:15','2020-02-18 23:21:29'),(668,668,31,10,'1972-11-15 09:02:03','2020-02-18 23:21:29'),(669,669,12,2,'1989-08-20 00:49:35','2020-02-18 23:21:29'),(670,670,14,10,'1980-10-27 07:53:22','2020-02-18 23:21:29'),(671,671,35,8,'2015-05-20 14:59:29','2020-02-18 23:21:29'),(672,672,32,9,'2003-10-26 12:48:51','2020-02-18 23:21:29'),(673,673,3,8,'2009-12-02 18:20:22','2020-02-18 23:21:29'),(674,674,21,8,'1999-08-31 08:10:47','2020-02-18 23:21:29'),(675,675,45,8,'1975-05-07 20:49:57','2020-02-18 23:21:29'),(676,676,9,10,'2001-11-14 03:56:28','2020-02-18 23:21:29'),(677,677,13,9,'1997-11-17 19:59:39','2020-02-18 23:21:29'),(678,678,34,10,'1979-11-10 07:33:16','2020-02-18 23:21:29'),(679,679,32,1,'2015-11-14 01:28:49','2020-02-18 23:21:29'),(680,680,9,2,'1992-05-02 13:21:05','2020-02-18 23:21:29'),(681,681,45,7,'1972-07-25 14:55:23','2020-02-18 23:21:29'),(682,682,1,5,'2009-11-09 19:12:12','2020-02-18 23:21:29'),(683,683,18,10,'1992-01-21 07:34:37','2020-02-18 23:21:29'),(684,684,35,2,'1975-08-06 15:08:31','2020-02-18 23:21:29'),(685,685,21,10,'1976-11-11 01:39:55','2020-02-18 23:21:29'),(686,686,49,6,'2011-01-18 12:28:02','2020-02-18 23:21:29'),(687,687,34,7,'1970-07-02 17:59:59','2020-02-18 23:21:29'),(688,688,22,5,'1992-07-25 19:49:13','2020-02-18 23:21:29'),(689,689,8,9,'1978-06-13 05:48:11','2020-02-18 23:21:29'),(690,690,24,7,'1991-03-22 16:04:21','2020-02-18 23:21:29'),(691,691,43,2,'1975-06-18 07:46:27','2020-02-18 23:21:29'),(692,692,42,6,'1997-07-09 10:17:00','1997-07-09 10:17:00'),(693,693,30,1,'2014-07-22 05:21:07','2020-02-18 23:21:29'),(694,694,26,10,'2009-04-26 17:39:18','2020-02-18 23:21:29'),(695,695,38,4,'2012-08-13 01:40:43','2020-02-18 23:21:29'),(696,696,11,7,'2018-02-02 08:04:50','2020-02-18 23:21:29'),(697,697,43,7,'2010-11-21 19:53:07','2020-02-18 23:21:29'),(698,698,28,4,'2000-02-04 23:32:48','2020-02-18 23:21:29'),(699,699,13,10,'1990-06-24 10:26:20','2020-02-18 23:21:29'),(700,700,31,7,'2003-10-24 02:28:43','2020-02-18 23:21:29'),(701,1,15,10,'1973-08-24 15:56:49','2020-02-18 23:21:29'),(702,2,31,2,'1990-07-09 18:49:48','2020-02-18 23:21:29'),(703,3,9,6,'2001-10-01 09:42:43','2020-02-18 23:21:29'),(704,4,50,5,'2017-09-25 13:09:38','2020-02-18 23:21:29'),(705,5,26,3,'1985-09-12 05:37:36','2020-02-18 23:21:29'),(706,6,26,5,'1987-01-10 03:34:37','2020-02-18 23:21:29'),(707,7,3,10,'1993-05-17 15:26:04','2020-02-18 23:21:29'),(708,8,38,4,'2008-03-04 17:00:41','2020-02-18 23:21:29'),(709,9,30,3,'1984-09-18 07:43:48','2020-02-18 23:21:29'),(710,10,35,2,'1989-11-13 14:25:14','2020-02-18 23:21:29'),(711,11,33,7,'1994-08-02 04:55:10','2020-02-18 23:21:29'),(712,12,9,10,'1996-12-09 19:16:22','2020-02-18 23:21:29'),(713,13,45,9,'2002-06-08 02:37:06','2020-02-18 23:21:29'),(714,14,48,5,'2002-01-28 00:23:54','2020-02-18 23:21:29'),(715,15,7,7,'1997-09-19 20:00:21','2020-02-18 23:21:29'),(716,16,38,5,'1986-03-24 03:20:17','2020-02-18 23:21:29'),(717,17,19,4,'2005-02-26 12:31:47','2020-02-18 23:21:29'),(718,18,31,5,'1987-07-05 08:30:11','2020-02-18 23:21:29'),(719,19,48,6,'2003-02-15 16:12:54','2020-02-18 23:21:29'),(720,20,44,8,'1987-05-12 18:50:43','2020-02-18 23:21:29'),(721,21,28,7,'1970-10-25 21:04:52','2020-02-18 23:21:29'),(722,22,6,1,'2008-02-10 11:33:07','2020-02-18 23:21:29'),(723,23,44,5,'1989-04-24 01:25:17','2020-02-18 23:21:29'),(724,24,4,1,'2000-12-27 17:33:15','2020-02-18 23:21:29'),(725,25,36,2,'1981-09-23 18:14:46','2020-02-18 23:21:29'),(726,26,17,4,'2018-03-31 19:46:36','2020-02-18 23:21:29'),(727,27,28,6,'1990-10-21 09:27:06','2020-02-18 23:21:29'),(728,28,38,4,'1993-11-21 09:02:35','2020-02-18 23:21:29'),(729,29,4,1,'1996-07-13 19:09:01','2020-02-18 23:21:29'),(730,30,7,7,'2010-08-22 03:11:24','2020-02-18 23:21:29'),(731,31,22,1,'1976-08-26 23:17:28','2020-02-18 23:21:29'),(732,32,37,8,'1978-04-07 20:38:08','2020-02-18 23:21:29'),(733,33,22,1,'1995-02-13 23:40:12','2020-02-18 23:21:29'),(734,34,45,2,'2001-04-27 11:37:33','2020-02-18 23:21:29'),(735,35,10,5,'1979-11-23 01:50:06','2020-02-18 23:21:29'),(736,36,15,5,'2003-06-18 08:35:14','2020-02-18 23:21:29'),(737,37,46,5,'1982-04-04 08:04:09','2020-02-18 23:21:29'),(738,38,31,6,'1972-09-03 12:23:52','2020-02-18 23:21:29'),(739,39,19,5,'2007-04-05 07:16:27','2020-02-18 23:21:29'),(740,40,49,10,'2012-04-18 19:42:03','2020-02-18 23:21:29'),(741,41,40,9,'2004-03-28 01:27:33','2020-02-18 23:21:29'),(742,42,3,2,'1979-03-25 21:22:56','2020-02-18 23:21:29'),(743,43,42,10,'2011-08-23 23:26:44','2020-02-18 23:21:29'),(744,44,49,7,'1999-01-10 14:36:42','2020-02-18 23:21:29'),(745,45,22,7,'2018-12-20 18:01:48','2020-02-18 23:21:29'),(746,46,12,7,'2010-11-11 20:18:09','2020-02-18 23:21:29'),(747,47,45,9,'2011-07-06 10:41:08','2020-02-18 23:21:29'),(748,48,36,9,'2002-04-26 00:02:35','2020-02-18 23:21:29'),(749,49,44,1,'1991-06-21 17:48:42','2020-02-18 23:21:29'),(750,50,12,8,'1983-04-03 21:01:51','2020-02-18 23:21:29'),(751,51,27,2,'1980-11-09 15:22:17','2020-02-18 23:21:29'),(752,52,49,2,'1986-07-16 12:56:52','2020-02-18 23:21:29'),(753,53,15,9,'1988-08-12 00:46:06','2020-02-18 23:21:29'),(754,54,26,6,'1973-01-28 16:00:24','2020-02-18 23:21:29'),(755,55,37,3,'2001-12-30 06:14:04','2020-02-18 23:21:29'),(756,56,4,9,'1985-09-18 17:35:33','2020-02-18 23:21:29'),(757,57,9,6,'1993-05-22 06:59:27','2020-02-18 23:21:29'),(758,58,35,5,'1987-11-13 09:01:39','2020-02-18 23:21:29'),(759,59,44,3,'2008-10-30 00:15:19','2020-02-18 23:21:29'),(760,60,15,5,'1986-10-08 04:11:06','2020-02-18 23:21:29'),(761,61,44,2,'1997-12-09 22:04:38','2020-02-18 23:21:29'),(762,62,25,9,'2002-08-25 09:14:03','2020-02-18 23:21:29'),(763,63,40,3,'1992-06-21 13:52:23','2020-02-18 23:21:29'),(764,64,27,2,'1970-12-28 17:40:48','2020-02-18 23:21:29'),(765,65,13,3,'1996-10-18 23:02:40','2020-02-18 23:21:29'),(766,66,33,5,'1991-01-31 07:54:08','2020-02-18 23:21:29'),(767,67,26,3,'2015-11-26 05:40:32','2020-02-18 23:21:29'),(768,68,33,6,'1977-04-08 15:28:40','2020-02-18 23:21:29'),(769,69,33,9,'1996-02-12 07:32:55','2020-02-18 23:21:29'),(770,70,17,2,'1981-12-01 12:41:15','2020-02-18 23:21:29'),(771,71,37,6,'2020-01-24 05:43:24','2020-02-18 23:21:29'),(772,72,33,4,'2010-02-07 20:13:35','2020-02-18 23:21:29'),(773,73,1,5,'1995-04-30 08:27:40','2020-02-18 23:21:29'),(774,74,7,1,'1983-03-04 17:46:35','2020-02-18 23:21:29'),(775,75,33,8,'1986-05-10 06:45:53','2020-02-18 23:21:29'),(776,76,44,8,'1976-06-14 06:15:59','2020-02-18 23:21:29'),(777,77,20,7,'1979-08-25 11:01:14','2020-02-18 23:21:29'),(778,78,18,8,'1978-03-11 04:39:43','2020-02-18 23:21:29'),(779,79,30,3,'2019-06-14 01:21:33','2020-02-18 23:21:29'),(780,80,46,4,'1999-08-04 11:05:05','2020-02-18 23:21:29'),(781,81,40,6,'2000-06-10 04:18:37','2020-02-18 23:21:29'),(782,82,12,8,'1996-02-26 16:23:40','2020-02-18 23:21:29'),(783,83,37,10,'1975-07-09 11:02:34','2020-02-18 23:21:29'),(784,84,48,8,'2016-09-30 22:24:19','2020-02-18 23:21:29'),(785,85,28,10,'1976-12-07 15:53:38','2020-02-18 23:21:29'),(786,86,46,2,'1974-03-03 14:27:54','2020-02-18 23:21:29'),(787,87,45,8,'1984-07-25 11:45:25','2020-02-18 23:21:29'),(788,88,36,9,'2001-01-23 12:37:39','2020-02-18 23:21:29'),(789,89,46,2,'1971-12-01 16:42:51','2020-02-18 23:21:29'),(790,90,21,10,'1971-03-18 03:12:10','2020-02-18 23:21:29'),(791,91,19,4,'1980-11-29 20:34:43','2020-02-18 23:21:29'),(792,92,28,3,'2009-12-30 02:28:54','2020-02-18 23:21:29'),(793,93,33,10,'2018-02-15 08:09:00','2020-02-18 23:21:29'),(794,94,30,8,'1997-08-26 12:45:15','2020-02-18 23:21:29'),(795,95,50,6,'1978-10-20 06:41:19','2020-02-18 23:21:29'),(796,96,10,5,'1991-01-28 06:09:21','2020-02-18 23:21:29'),(797,97,48,2,'1986-03-23 21:43:44','2020-02-18 23:21:29'),(798,98,10,3,'1987-08-23 06:42:11','2020-02-18 23:21:29'),(799,99,4,7,'2011-01-09 21:13:39','2020-02-18 23:21:29'),(800,100,42,8,'2000-12-25 03:24:12','2020-02-18 23:21:29'),(801,101,46,4,'1976-05-20 11:08:28','2020-02-18 23:21:29'),(802,102,4,7,'1983-09-26 21:21:00','2020-02-18 23:21:29'),(803,103,30,3,'1977-03-15 18:24:18','2020-02-18 23:21:29'),(804,104,37,2,'1984-02-15 23:39:18','2020-02-18 23:21:29'),(805,105,45,10,'1981-03-14 08:30:36','2020-02-18 23:21:29'),(806,106,14,10,'1981-01-12 19:28:52','2020-02-18 23:21:29'),(807,107,35,8,'2012-07-30 18:34:37','2020-02-18 23:21:29'),(808,108,32,6,'1971-01-07 10:22:03','2020-02-18 23:21:29'),(809,109,3,5,'1971-09-01 18:16:16','2020-02-18 23:21:29'),(810,110,20,8,'1975-09-09 21:11:44','2020-02-18 23:21:29'),(811,111,40,10,'2003-12-06 20:54:00','2020-02-18 23:21:29'),(812,112,40,9,'2018-09-03 13:24:13','2020-02-18 23:21:29'),(813,113,28,4,'2017-06-10 19:06:09','2020-02-18 23:21:29'),(814,114,19,2,'2004-07-22 16:48:14','2020-02-18 23:21:29'),(815,115,13,6,'1970-03-01 22:48:26','2020-02-18 23:21:29'),(816,116,7,1,'1974-09-06 23:22:14','2020-02-18 23:21:29'),(817,117,44,8,'1999-12-01 20:21:36','2020-02-18 23:21:29'),(818,118,1,10,'2015-03-01 09:48:50','2020-02-18 23:21:29'),(819,119,20,8,'1974-06-26 00:10:23','2020-02-18 23:21:29'),(820,120,45,5,'1975-06-10 21:27:46','2020-02-18 23:21:29'),(821,121,18,5,'1976-08-04 21:48:35','2020-02-18 23:21:29'),(822,122,4,3,'2014-08-11 05:17:33','2020-02-18 23:21:29'),(823,123,14,2,'1980-05-21 07:20:38','2020-02-18 23:21:29'),(824,124,7,9,'1980-12-02 02:28:30','2020-02-18 23:21:29'),(825,125,45,6,'1993-04-13 18:18:04','2020-02-18 23:21:29'),(826,126,4,3,'2007-06-02 19:38:44','2020-02-18 23:21:29'),(827,127,33,2,'2016-08-20 20:38:40','2020-02-18 23:21:29'),(828,128,1,9,'2012-11-19 22:48:26','2020-02-18 23:21:29'),(829,129,5,7,'1995-06-25 12:36:58','2020-02-18 23:21:29'),(830,130,24,8,'1990-11-24 18:50:45','2020-02-18 23:21:29'),(831,131,5,5,'1999-02-05 16:28:43','2020-02-18 23:21:29'),(832,132,4,6,'1975-08-11 08:53:53','2020-02-18 23:21:29'),(833,133,1,1,'1981-04-21 01:05:38','2020-02-18 23:21:29'),(834,134,42,4,'2015-05-01 02:28:12','2020-02-18 23:21:29'),(835,135,9,3,'2003-01-13 15:00:19','2020-02-18 23:21:29'),(836,136,19,3,'1989-01-13 21:41:11','2020-02-18 23:21:29'),(837,137,15,8,'1990-10-17 22:31:00','2020-02-18 23:21:29'),(838,138,21,1,'2013-10-21 07:14:57','2020-02-18 23:21:29'),(839,139,6,3,'1999-02-21 22:18:53','2020-02-18 23:21:29'),(840,140,17,7,'2014-12-19 04:50:37','2020-02-18 23:21:29'),(841,141,17,5,'1994-02-17 14:47:44','2020-02-18 23:21:29'),(842,142,34,7,'1975-12-09 23:03:53','2020-02-18 23:21:29'),(843,143,19,9,'2004-10-01 20:20:13','2020-02-18 23:21:29'),(844,144,43,2,'2011-08-29 02:55:58','2020-02-18 23:21:29'),(845,145,9,5,'1988-09-23 20:43:15','2020-02-18 23:21:29'),(846,146,13,1,'2001-10-06 07:02:54','2020-02-18 23:21:29'),(847,147,37,4,'2016-11-12 10:25:28','2020-02-18 23:21:29'),(848,148,47,3,'1970-03-26 17:32:53','2020-02-18 23:21:29'),(849,149,24,7,'1999-06-07 04:51:31','2020-02-18 23:21:29'),(850,150,26,1,'1973-04-14 16:57:57','2020-02-18 23:21:29'),(851,151,9,3,'1971-06-07 08:05:58','2020-02-18 23:21:29'),(852,152,18,9,'2018-01-24 04:50:11','2020-02-18 23:21:29'),(853,153,12,9,'1978-01-03 10:35:22','2020-02-18 23:21:29'),(854,154,5,7,'1979-09-22 19:17:46','2020-02-18 23:21:29'),(855,155,39,6,'2008-01-01 02:08:38','2020-02-18 23:21:29'),(856,156,30,3,'1976-08-02 02:05:12','2020-02-18 23:21:29'),(857,157,33,8,'2012-08-01 13:16:00','2020-02-18 23:21:29'),(858,158,25,3,'1991-09-03 19:09:30','2020-02-18 23:21:29'),(859,159,26,7,'2006-02-10 18:24:42','2020-02-18 23:21:29'),(860,160,6,4,'1986-05-13 21:13:14','2020-02-18 23:21:29'),(861,161,48,1,'2009-09-15 13:18:20','2020-02-18 23:21:29'),(862,162,24,9,'1986-08-09 00:59:22','2020-02-18 23:21:29'),(863,163,23,2,'1981-09-05 08:06:00','2020-02-18 23:21:29'),(864,164,45,4,'1984-09-21 22:58:21','2020-02-18 23:21:29'),(865,165,3,2,'1976-06-22 08:27:58','2020-02-18 23:21:29'),(866,166,29,10,'1973-08-13 23:27:19','2020-02-18 23:21:29'),(867,167,37,6,'2019-09-29 16:20:28','2020-02-18 23:21:29'),(868,168,45,4,'1994-04-20 06:10:39','2020-02-18 23:21:29'),(869,169,16,9,'1992-06-19 16:54:57','2020-02-18 23:21:29'),(870,170,46,4,'2001-11-28 12:14:21','2020-02-18 23:21:29'),(871,171,30,10,'1974-11-08 15:45:54','2020-02-18 23:21:29'),(872,172,10,2,'1992-08-06 03:10:46','2020-02-18 23:21:29'),(873,173,9,1,'2004-04-14 19:34:18','2020-02-18 23:21:29'),(874,174,17,3,'1995-12-02 16:55:58','2020-02-18 23:21:29'),(875,175,6,1,'1975-02-04 13:53:35','2020-02-18 23:21:29'),(876,176,28,3,'2015-12-17 05:52:40','2020-02-18 23:21:29'),(877,177,23,7,'2015-07-15 02:37:14','2020-02-18 23:21:29'),(878,178,32,1,'1993-05-06 21:18:58','2020-02-18 23:21:29'),(879,179,37,10,'2012-04-23 21:45:20','2020-02-18 23:21:29'),(880,180,40,10,'2009-02-04 22:17:24','2020-02-18 23:21:29'),(881,181,38,2,'2016-04-26 10:49:21','2020-02-18 23:21:29'),(882,182,19,7,'2002-08-09 22:17:56','2020-02-18 23:21:29'),(883,183,30,7,'1978-01-15 23:36:23','2020-02-18 23:21:29'),(884,184,41,6,'1982-03-17 01:01:06','2020-02-18 23:21:29'),(885,185,17,5,'2016-09-03 21:00:06','2020-02-18 23:21:29'),(886,186,11,8,'2001-04-09 19:36:41','2020-02-18 23:21:29'),(887,187,4,4,'2013-06-07 02:00:48','2020-02-18 23:21:29'),(888,188,35,8,'1983-11-11 09:09:53','2020-02-18 23:21:29'),(889,189,13,4,'1988-02-07 06:44:42','2020-02-18 23:21:29'),(890,190,9,3,'2004-10-04 13:09:44','2020-02-18 23:21:29'),(891,191,8,2,'2016-10-21 14:09:20','2020-02-18 23:21:29'),(892,192,10,9,'1972-05-11 06:50:38','2020-02-18 23:21:29'),(893,193,28,7,'1985-11-27 03:18:12','2020-02-18 23:21:29'),(894,194,8,10,'1977-03-01 04:44:26','2020-02-18 23:21:29'),(895,195,4,5,'1980-12-18 08:29:22','2020-02-18 23:21:29'),(896,196,48,9,'2000-03-16 03:51:12','2020-02-18 23:21:29'),(897,197,27,6,'2016-10-28 17:18:27','2020-02-18 23:21:29'),(898,198,39,8,'1990-11-21 03:42:31','2020-02-18 23:21:29'),(899,199,14,3,'1984-12-03 16:30:21','2020-02-18 23:21:29'),(900,200,1,7,'2003-04-25 11:16:19','2020-02-18 23:21:29'),(901,201,12,7,'1989-02-04 05:49:25','2020-02-18 23:21:29'),(902,202,10,5,'1973-07-14 04:09:22','2020-02-18 23:21:29'),(903,203,10,9,'1993-09-27 23:43:45','2020-02-18 23:21:29'),(904,204,20,3,'1978-05-05 09:37:40','2020-02-18 23:21:29'),(905,205,22,9,'1987-02-14 23:17:37','2020-02-18 23:21:29'),(906,206,48,6,'1998-04-06 10:47:22','2020-02-18 23:21:29'),(907,207,23,1,'1988-09-20 11:39:04','2020-02-18 23:21:29'),(908,208,21,6,'1971-02-03 04:49:31','2020-02-18 23:21:29'),(909,209,36,3,'2015-02-04 16:09:41','2020-02-18 23:21:29'),(910,210,16,5,'1972-03-22 22:28:08','2020-02-18 23:21:29'),(911,211,19,5,'1970-04-21 17:29:19','2020-02-18 23:21:29'),(912,212,50,5,'2013-11-30 16:38:43','2020-02-18 23:21:29'),(913,213,42,5,'1971-08-08 15:39:37','2020-02-18 23:21:29'),(914,214,9,9,'1996-12-04 19:22:31','2020-02-18 23:21:29'),(915,215,18,7,'1990-12-20 04:12:19','2020-02-18 23:21:29'),(916,216,11,5,'1984-02-01 22:24:46','2020-02-18 23:21:29'),(917,217,4,9,'2004-10-26 23:45:26','2020-02-18 23:21:29'),(918,218,34,1,'1974-06-15 07:41:44','2020-02-18 23:21:29'),(919,219,9,3,'2018-07-09 15:36:45','2020-02-18 23:21:29'),(920,220,40,10,'1970-02-12 15:01:08','2020-02-18 23:21:29'),(921,221,25,3,'2018-08-26 07:50:46','2020-02-18 23:21:29'),(922,222,3,1,'1986-03-24 04:10:45','2020-02-18 23:21:29'),(923,223,39,8,'1996-12-28 22:09:09','2020-02-18 23:21:29'),(924,224,38,2,'1972-06-22 03:31:57','2020-02-18 23:21:29'),(925,225,20,2,'2018-03-19 11:09:13','2020-02-18 23:21:29'),(926,226,37,6,'1988-08-12 08:41:54','2020-02-18 23:21:29'),(927,227,23,6,'1983-02-26 09:59:24','2020-02-18 23:21:29'),(928,228,4,6,'2015-01-07 22:52:34','2020-02-18 23:21:29'),(929,229,1,1,'2001-04-04 11:23:06','2020-02-18 23:21:29'),(930,230,44,10,'1983-05-12 16:21:22','2020-02-18 23:21:29'),(931,231,14,8,'2013-05-23 01:37:43','2020-02-18 23:21:29'),(932,232,36,9,'1996-08-02 22:46:51','2020-02-18 23:21:29'),(933,233,41,2,'2002-01-17 03:45:48','2020-02-18 23:21:29'),(934,234,43,10,'2003-09-12 16:51:22','2020-02-18 23:21:29'),(935,235,45,2,'1998-05-14 03:24:22','2020-02-18 23:21:29'),(936,236,44,8,'1989-09-28 08:44:52','2020-02-18 23:21:29'),(937,237,33,5,'2007-05-23 16:12:06','2020-02-18 23:21:29'),(938,238,33,10,'1970-08-03 12:59:36','2020-02-18 23:21:29'),(939,239,16,4,'2005-06-14 07:00:28','2020-02-18 23:21:29'),(940,240,30,6,'2003-03-12 10:31:42','2020-02-18 23:21:29'),(941,241,1,1,'1981-02-26 21:43:56','2020-02-18 23:21:29'),(942,242,15,6,'1973-02-03 11:35:33','2020-02-18 23:21:29'),(943,243,21,1,'1992-03-08 16:10:15','2020-02-18 23:21:29'),(944,244,11,2,'1981-05-09 09:07:46','2020-02-18 23:21:29'),(945,245,41,3,'2015-06-23 15:15:28','2020-02-18 23:21:29'),(946,246,23,3,'1993-02-16 04:01:22','2020-02-18 23:21:29'),(947,247,40,3,'2007-08-29 02:45:05','2020-02-18 23:21:29'),(948,248,30,4,'2009-05-14 09:15:07','2020-02-18 23:21:29'),(949,249,31,7,'1982-05-07 22:18:01','2020-02-18 23:21:29'),(950,250,14,9,'2003-04-03 19:15:40','2020-02-18 23:21:29'),(951,251,25,7,'2017-11-01 15:35:58','2020-02-18 23:21:29'),(952,252,35,8,'1973-11-07 04:40:29','2020-02-18 23:21:29'),(953,253,48,10,'1981-11-13 21:49:22','2020-02-18 23:21:29'),(954,254,33,2,'1980-07-26 03:26:49','2020-02-18 23:21:29'),(955,255,23,8,'2007-07-14 00:28:09','2020-02-18 23:21:29'),(956,256,13,8,'1979-04-28 01:28:03','2020-02-18 23:21:29'),(957,257,46,3,'2001-10-20 06:11:35','2020-02-18 23:21:29'),(958,258,39,1,'1970-07-05 05:52:35','2020-02-18 23:21:29'),(959,259,8,2,'2000-12-21 21:42:20','2020-02-18 23:21:29'),(960,260,21,1,'1979-06-11 04:32:19','2020-02-18 23:21:29'),(961,261,31,4,'1995-09-20 22:50:33','2020-02-18 23:21:29'),(962,262,44,7,'2004-12-26 22:14:45','2020-02-18 23:21:29'),(963,263,24,1,'2011-01-22 15:49:47','2020-02-18 23:21:29'),(964,264,39,10,'1987-07-17 06:12:32','2020-02-18 23:21:29'),(965,265,21,2,'2011-02-05 15:38:24','2020-02-18 23:21:29'),(966,266,37,3,'2014-05-10 11:36:29','2020-02-18 23:21:29'),(967,267,22,4,'1975-09-22 05:00:57','2020-02-18 23:21:29'),(968,268,48,10,'2012-01-14 07:18:30','2020-02-18 23:21:29'),(969,269,24,9,'2006-09-20 06:02:40','2020-02-18 23:21:29'),(970,270,27,8,'1977-09-13 06:19:56','2020-02-18 23:21:29'),(971,271,10,10,'1974-03-26 02:23:28','2020-02-18 23:21:29'),(972,272,19,6,'1989-07-13 00:17:18','2020-02-18 23:21:29'),(973,273,14,6,'1971-05-26 12:01:57','2020-02-18 23:21:29'),(974,274,15,1,'1987-11-10 06:50:39','2020-02-18 23:21:29'),(975,275,30,5,'1981-04-08 22:18:29','2020-02-18 23:21:29'),(976,276,6,6,'1979-12-13 05:03:35','2020-02-18 23:21:29'),(977,277,40,1,'1987-03-28 02:48:37','2020-02-18 23:21:29'),(978,278,30,5,'1972-02-06 18:05:54','2020-02-18 23:21:29'),(979,279,32,8,'2018-05-25 14:06:04','2020-02-18 23:21:29'),(980,280,18,10,'1981-01-06 20:31:35','2020-02-18 23:21:29'),(981,281,42,10,'2008-02-03 12:19:20','2020-02-18 23:21:29'),(982,282,6,6,'1993-01-26 19:37:27','2020-02-18 23:21:29'),(983,283,3,8,'1987-08-13 04:19:35','2020-02-18 23:21:29'),(984,284,46,3,'1987-02-03 12:32:28','2020-02-18 23:21:29'),(985,285,19,10,'2009-10-05 16:14:24','2020-02-18 23:21:29'),(986,286,9,7,'1980-02-03 21:02:13','2020-02-18 23:21:29'),(987,287,36,2,'1984-09-11 02:17:03','2020-02-18 23:21:29'),(988,288,4,3,'1978-02-03 20:00:00','2020-02-18 23:21:29'),(989,289,11,8,'1986-10-04 20:16:15','2020-02-18 23:21:29'),(990,290,42,7,'2000-04-20 01:47:45','2020-02-18 23:21:29'),(991,291,29,10,'1970-12-05 17:26:54','2020-02-18 23:21:29'),(992,292,16,7,'1997-04-17 12:44:37','2020-02-18 23:21:29'),(993,293,43,7,'2013-10-09 12:12:22','2013-10-09 12:12:22'),(994,294,18,4,'1970-09-14 18:01:34','2020-02-18 23:21:29'),(995,295,9,10,'1982-05-29 00:56:13','2020-02-18 23:21:29'),(996,296,42,3,'1995-06-14 06:03:18','2020-02-18 23:21:29'),(997,297,32,4,'2010-06-11 11:26:23','2020-02-18 23:21:29'),(998,298,34,9,'1971-11-03 23:38:43','2020-02-18 23:21:29'),(999,299,25,10,'1993-02-15 13:10:58','2020-02-18 23:21:29'),(1000,300,19,8,'2009-06-17 11:27:03','2020-02-18 23:21:29'),(1001,301,21,4,'1975-01-18 23:51:54','2020-02-18 23:21:29'),(1002,302,48,9,'1993-09-28 14:26:34','2020-02-18 23:21:29'),(1003,303,27,3,'1990-07-11 13:44:31','2020-02-18 23:21:29'),(1004,304,41,4,'1997-03-18 07:21:22','2020-02-18 23:21:29'),(1005,305,23,7,'2005-09-27 20:00:56','2020-02-18 23:21:29'),(1006,306,42,8,'2001-01-11 15:02:46','2020-02-18 23:21:29'),(1007,307,38,9,'1979-02-11 22:32:01','2020-02-18 23:21:29'),(1008,308,17,6,'2008-02-15 03:11:53','2020-02-18 23:21:29'),(1009,309,17,9,'1981-06-25 22:38:23','2020-02-18 23:21:29'),(1010,310,36,8,'1976-11-27 15:19:37','2020-02-18 23:21:29'),(1011,311,26,3,'1991-08-28 12:39:10','2020-02-18 23:21:29'),(1012,312,25,7,'1996-10-08 07:34:31','2020-02-18 23:21:29'),(1013,313,43,7,'1982-05-20 06:38:49','2020-02-18 23:21:29'),(1014,314,41,9,'2019-12-02 22:10:14','2020-02-18 23:21:29'),(1015,315,26,4,'1994-11-07 04:33:13','2020-02-18 23:21:29'),(1016,316,8,1,'2016-07-13 06:05:28','2020-02-18 23:21:29'),(1017,317,11,4,'2016-07-23 01:01:03','2020-02-18 23:21:29'),(1018,318,30,6,'1981-09-29 23:45:07','2020-02-18 23:21:29'),(1019,319,17,6,'2006-02-25 15:26:30','2020-02-18 23:21:29'),(1020,320,45,5,'1983-10-02 13:28:25','2020-02-18 23:21:29'),(1021,321,22,7,'2017-10-09 06:40:48','2020-02-18 23:21:29'),(1022,322,24,5,'1991-12-09 20:11:17','2020-02-18 23:21:29'),(1023,323,2,10,'1979-09-04 13:08:20','2020-02-18 23:21:29'),(1024,324,40,9,'1998-06-11 09:50:16','2020-02-18 23:21:29'),(1025,325,44,5,'1987-11-15 04:01:06','2020-02-18 23:21:29'),(1026,326,50,10,'2015-08-03 11:36:24','2020-02-18 23:21:29'),(1027,327,17,2,'1990-01-03 14:22:33','2020-02-18 23:21:29'),(1028,328,36,8,'2010-11-09 07:33:20','2020-02-18 23:21:29'),(1029,329,26,3,'2018-02-24 05:11:06','2020-02-18 23:21:29'),(1030,330,23,6,'1973-04-03 07:25:30','2020-02-18 23:21:29'),(1031,331,36,6,'2003-07-23 16:35:23','2020-02-18 23:21:29'),(1032,332,11,5,'1972-06-02 12:22:11','2020-02-18 23:21:29'),(1033,333,48,4,'1981-11-07 21:30:52','2020-02-18 23:21:29'),(1034,334,5,9,'1986-03-25 15:21:52','2020-02-18 23:21:29'),(1035,335,30,4,'2007-08-20 15:01:44','2020-02-18 23:21:29'),(1036,336,37,10,'2018-06-13 16:10:42','2020-02-18 23:21:29'),(1037,337,42,10,'1971-09-14 07:15:32','2020-02-18 23:21:29'),(1038,338,48,6,'1996-11-05 21:43:28','2020-02-18 23:21:29'),(1039,339,13,10,'2007-05-01 18:56:51','2020-02-18 23:21:29'),(1040,340,24,6,'1989-04-28 17:58:21','2020-02-18 23:21:29'),(1041,341,27,4,'1990-12-11 13:57:33','2020-02-18 23:21:29'),(1042,342,14,1,'1994-02-17 02:11:08','2020-02-18 23:21:29'),(1043,343,37,8,'1976-09-28 08:13:11','2020-02-18 23:21:29'),(1044,344,45,2,'2018-06-30 03:42:06','2020-02-18 23:21:29'),(1045,345,13,10,'1990-04-15 02:49:35','2020-02-18 23:21:29'),(1046,346,27,5,'1973-06-25 20:30:18','2020-02-18 23:21:29'),(1047,347,49,5,'2013-03-06 16:07:37','2020-02-18 23:21:29'),(1048,348,12,5,'1972-12-30 14:23:19','2020-02-18 23:21:29'),(1049,349,11,10,'1983-05-24 11:25:47','2020-02-18 23:21:29'),(1050,350,18,4,'1981-09-05 21:30:36','2020-02-18 23:21:29'),(1051,351,7,5,'2010-08-12 09:50:40','2020-02-18 23:21:29'),(1052,352,29,3,'1987-05-10 20:13:19','2020-02-18 23:21:29'),(1053,353,24,9,'1991-07-09 14:57:21','2020-02-18 23:21:29'),(1054,354,33,3,'2001-03-17 02:49:43','2020-02-18 23:21:29'),(1055,355,43,9,'2016-04-25 08:00:48','2020-02-18 23:21:29'),(1056,356,17,6,'1994-03-18 09:35:53','2020-02-18 23:21:29'),(1057,357,2,1,'2002-01-21 21:27:44','2020-02-18 23:21:29'),(1058,358,12,6,'2016-02-03 07:04:43','2020-02-18 23:21:29'),(1059,359,3,7,'2018-08-21 15:29:51','2020-02-18 23:21:29'),(1060,360,27,3,'1992-10-04 04:56:58','2020-02-18 23:21:29'),(1061,361,28,7,'1998-04-23 19:12:57','2020-02-18 23:21:29'),(1062,362,6,3,'2012-09-10 11:59:37','2020-02-18 23:21:29'),(1063,363,46,8,'1999-01-20 08:48:10','2020-02-18 23:21:29'),(1064,364,12,1,'1973-05-07 03:06:56','2020-02-18 23:21:29'),(1065,365,23,3,'2007-03-12 07:46:11','2020-02-18 23:21:29'),(1066,366,28,2,'2006-03-30 21:15:30','2020-02-18 23:21:29'),(1067,367,18,6,'1974-04-11 05:56:20','2020-02-18 23:21:29'),(1068,368,7,4,'1979-12-31 10:06:20','2020-02-18 23:21:29'),(1069,369,29,8,'1978-08-02 16:28:45','2020-02-18 23:21:29'),(1070,370,25,2,'1993-05-22 17:33:44','2020-02-18 23:21:29'),(1071,371,39,6,'1989-05-10 18:36:39','2020-02-18 23:21:29'),(1072,372,19,10,'2010-11-15 11:36:17','2020-02-18 23:21:29'),(1073,373,28,10,'2014-03-08 05:51:55','2020-02-18 23:21:29'),(1074,374,30,8,'2002-06-26 21:30:51','2020-02-18 23:21:29'),(1075,375,18,9,'1991-08-15 22:39:41','2020-02-18 23:21:29'),(1076,376,48,3,'1974-06-16 00:08:52','2020-02-18 23:21:29'),(1077,377,36,6,'2000-02-16 18:49:55','2020-02-18 23:21:29'),(1078,378,37,5,'1971-05-03 16:06:46','2020-02-18 23:21:29'),(1079,379,25,6,'1977-04-14 10:37:47','2020-02-18 23:21:29'),(1080,380,15,10,'1984-07-07 05:19:48','2020-02-18 23:21:29'),(1081,381,49,6,'1995-05-16 16:51:48','2020-02-18 23:21:29'),(1082,382,1,1,'1980-06-17 22:29:09','2020-02-18 23:21:29'),(1083,383,6,2,'2001-11-26 06:46:21','2020-02-18 23:21:29'),(1084,384,28,7,'2002-09-18 21:28:32','2020-02-18 23:21:29'),(1085,385,19,2,'1989-10-04 14:11:46','2020-02-18 23:21:29'),(1086,386,13,3,'1980-08-19 12:00:27','2020-02-18 23:21:29'),(1087,387,9,9,'2001-01-15 11:54:20','2020-02-18 23:21:29'),(1088,388,2,6,'1993-02-22 07:54:31','2020-02-18 23:21:29'),(1089,389,35,6,'2005-06-13 13:10:42','2020-02-18 23:21:29'),(1090,390,18,8,'1984-12-24 09:33:15','2020-02-18 23:21:29'),(1091,391,36,9,'2015-01-27 23:00:31','2020-02-18 23:21:29'),(1092,392,22,3,'2010-11-18 21:00:14','2020-02-18 23:21:29'),(1093,393,5,8,'1997-10-02 15:23:28','2020-02-18 23:21:29'),(1094,394,6,7,'2001-12-15 02:15:18','2020-02-18 23:21:29'),(1095,395,16,3,'2001-07-14 15:25:45','2020-02-18 23:21:29'),(1096,396,11,4,'1997-04-06 12:12:36','2020-02-18 23:21:29'),(1097,397,5,2,'2018-08-03 00:31:56','2020-02-18 23:21:29'),(1098,398,44,10,'1999-03-05 22:18:58','2020-02-18 23:21:29'),(1099,399,4,8,'1997-03-04 11:14:30','2020-02-18 23:21:29'),(1100,400,39,6,'2020-02-01 20:04:24','2020-02-18 23:21:29'),(1101,401,31,9,'1970-04-24 19:06:00','2020-02-18 23:21:29'),(1102,402,38,6,'1988-07-22 06:19:06','2020-02-18 23:21:29'),(1103,403,46,3,'1970-11-03 18:23:48','2020-02-18 23:21:29'),(1104,404,15,6,'1975-12-30 00:22:06','2020-02-18 23:21:29'),(1105,405,36,7,'1992-07-31 03:04:35','2020-02-18 23:21:29'),(1106,406,34,5,'2001-07-03 11:39:50','2020-02-18 23:21:29'),(1107,407,11,4,'1977-08-03 01:18:24','2020-02-18 23:21:29'),(1108,408,4,8,'1986-12-12 17:40:39','2020-02-18 23:21:29'),(1109,409,37,6,'1987-11-23 19:46:13','2020-02-18 23:21:29'),(1110,410,20,7,'1975-07-25 23:29:58','2020-02-18 23:21:29'),(1111,411,42,6,'2013-06-02 02:17:34','2020-02-18 23:21:29'),(1112,412,47,10,'1970-10-22 04:47:38','2020-02-18 23:21:29'),(1113,413,9,9,'1972-12-23 02:13:17','2020-02-18 23:21:29'),(1114,414,4,9,'1983-09-04 21:25:54','2020-02-18 23:21:29'),(1115,415,40,3,'1974-02-13 19:11:09','2020-02-18 23:21:29'),(1116,416,40,1,'2013-11-30 22:16:48','2020-02-18 23:21:29'),(1117,417,27,4,'2016-02-11 20:07:57','2020-02-18 23:21:29'),(1118,418,18,10,'1999-07-28 07:27:38','1999-07-28 07:27:38'),(1119,419,6,9,'1975-01-08 15:13:30','2020-02-18 23:21:29'),(1120,420,24,5,'1970-03-06 15:20:06','2020-02-18 23:21:29'),(1121,421,5,4,'1973-04-20 22:31:01','2020-02-18 23:21:29'),(1122,422,1,6,'1974-02-27 00:06:53','2020-02-18 23:21:29'),(1123,423,40,2,'1988-01-19 16:43:06','2020-02-18 23:21:29'),(1124,424,46,7,'1989-01-25 03:50:53','2020-02-18 23:21:29'),(1125,425,8,6,'1989-10-24 03:53:12','2020-02-18 23:21:29'),(1126,426,3,6,'1971-12-25 00:20:35','2020-02-18 23:21:29'),(1127,427,42,6,'1989-01-28 16:15:05','2020-02-18 23:21:29'),(1128,428,49,4,'1973-08-15 02:48:57','2020-02-18 23:21:29'),(1129,429,18,9,'1987-02-01 14:40:40','2020-02-18 23:21:29'),(1130,430,42,4,'1999-05-03 11:19:04','2020-02-18 23:21:29'),(1131,431,8,7,'2006-05-08 23:20:47','2020-02-18 23:21:29'),(1132,432,13,1,'1995-10-16 05:48:06','2020-02-18 23:21:29'),(1133,433,41,6,'1978-07-12 15:35:34','2020-02-18 23:21:29'),(1134,434,13,9,'1980-10-17 20:05:13','2020-02-18 23:21:29'),(1135,435,45,3,'2006-05-30 19:46:39','2020-02-18 23:21:29'),(1136,436,32,8,'1974-07-11 15:43:38','2020-02-18 23:21:29'),(1137,437,25,2,'1999-07-05 05:22:59','2020-02-18 23:21:29'),(1138,438,29,1,'1998-07-28 17:49:28','2020-02-18 23:21:29'),(1139,439,19,7,'1994-07-24 01:08:51','2020-02-18 23:21:29'),(1140,440,9,9,'1988-07-07 05:38:51','2020-02-18 23:21:29'),(1141,441,36,8,'2011-01-03 14:05:04','2020-02-18 23:21:29'),(1142,442,1,5,'1990-12-26 19:05:00','2020-02-18 23:21:29'),(1143,443,48,1,'1987-07-03 04:59:43','2020-02-18 23:21:29'),(1144,444,35,4,'1994-10-12 20:09:21','2020-02-18 23:21:29'),(1145,445,31,7,'1987-12-03 23:52:16','2020-02-18 23:21:29'),(1146,446,49,1,'2007-12-17 03:35:41','2020-02-18 23:21:29'),(1147,447,3,6,'1993-03-23 11:01:11','2020-02-18 23:21:29'),(1148,448,17,8,'2001-08-26 05:03:45','2020-02-18 23:21:29'),(1149,449,27,6,'2018-07-26 22:44:00','2020-02-18 23:21:29'),(1150,450,33,2,'1995-08-20 12:40:21','2020-02-18 23:21:29'),(1151,451,35,4,'2000-10-17 14:14:15','2020-02-18 23:21:29'),(1152,452,22,6,'1983-05-13 23:25:33','2020-02-18 23:21:29'),(1153,453,7,3,'1995-01-13 11:54:49','2020-02-18 23:21:29'),(1154,454,18,6,'2015-11-13 07:44:35','2020-02-18 23:21:29'),(1155,455,18,7,'1980-02-12 17:03:43','2020-02-18 23:21:29'),(1156,456,35,2,'1987-01-24 04:15:32','2020-02-18 23:21:29'),(1157,457,21,6,'1975-02-11 12:10:07','2020-02-18 23:21:29'),(1158,458,48,10,'1971-03-07 10:34:23','2020-02-18 23:21:29'),(1159,459,28,7,'2011-10-05 21:40:22','2020-02-18 23:21:29'),(1160,460,45,10,'1982-12-31 18:26:56','2020-02-18 23:21:29'),(1161,461,41,1,'2013-03-22 14:21:06','2020-02-18 23:21:29'),(1162,462,21,7,'2013-05-17 11:30:56','2020-02-18 23:21:29'),(1163,463,29,7,'1981-02-03 04:19:52','2020-02-18 23:21:29'),(1164,464,33,6,'2013-01-24 00:38:43','2020-02-18 23:21:29'),(1165,465,29,5,'2005-04-30 17:54:49','2020-02-18 23:21:29'),(1166,466,44,9,'2006-07-04 20:50:27','2020-02-18 23:21:29'),(1167,467,32,7,'1981-09-11 12:11:06','2020-02-18 23:21:29'),(1168,468,26,6,'1984-11-10 05:23:45','2020-02-18 23:21:29'),(1169,469,35,4,'1971-07-11 15:49:36','2020-02-18 23:21:29'),(1170,470,47,7,'1971-04-02 21:26:04','2020-02-18 23:21:29'),(1171,471,28,8,'1985-03-23 13:06:58','2020-02-18 23:21:29'),(1172,472,1,9,'2005-04-27 15:19:17','2020-02-18 23:21:29'),(1173,473,20,4,'1987-03-13 04:08:08','2020-02-18 23:21:29'),(1174,474,46,2,'1993-05-16 05:22:42','2020-02-18 23:21:29'),(1175,475,20,8,'2003-09-21 20:30:02','2020-02-18 23:21:29'),(1176,476,10,5,'1983-05-19 23:57:11','2020-02-18 23:21:29'),(1177,477,41,4,'1995-07-10 21:40:16','2020-02-18 23:21:29'),(1178,478,22,7,'1998-09-11 08:40:17','2020-02-18 23:21:29'),(1179,479,38,4,'1995-02-10 07:45:42','2020-02-18 23:21:29'),(1180,480,24,2,'1984-11-25 08:08:21','2020-02-18 23:21:29'),(1181,481,4,2,'1986-07-18 23:56:07','2020-02-18 23:21:29'),(1182,482,47,7,'2001-08-30 08:18:20','2020-02-18 23:21:29'),(1183,483,22,3,'1985-02-14 21:48:39','2020-02-18 23:21:29'),(1184,484,21,2,'2003-03-02 04:54:04','2020-02-18 23:21:29'),(1185,485,39,6,'1971-07-12 18:52:05','2020-02-18 23:21:29'),(1186,486,30,2,'2019-07-24 10:21:07','2020-02-18 23:21:29'),(1187,487,33,2,'1995-08-22 10:01:41','2020-02-18 23:21:29'),(1188,488,26,1,'1976-06-02 15:12:35','2020-02-18 23:21:29'),(1189,489,29,3,'2009-08-26 08:35:40','2020-02-18 23:21:29'),(1190,490,19,5,'1978-07-19 04:12:44','2020-02-18 23:21:29'),(1191,491,5,9,'1979-04-02 11:19:07','2020-02-18 23:21:29'),(1192,492,18,3,'1993-04-21 10:40:55','2020-02-18 23:21:29'),(1193,493,23,1,'2015-12-14 05:03:15','2020-02-18 23:21:29'),(1194,494,10,6,'1984-03-21 03:56:17','2020-02-18 23:21:29'),(1195,495,30,7,'1987-03-05 09:48:42','2020-02-18 23:21:29'),(1196,496,22,9,'1974-09-13 19:01:40','2020-02-18 23:21:29'),(1197,497,20,7,'1989-01-23 12:38:12','2020-02-18 23:21:29'),(1198,498,34,3,'2000-10-07 16:52:52','2020-02-18 23:21:29'),(1199,499,9,7,'2006-03-12 13:43:42','2020-02-18 23:21:29'),(1200,500,40,6,'1983-07-19 03:09:09','2020-02-18 23:21:29');
/*!40000 ALTER TABLE `orders_products` ENABLE KEYS */;
UNLOCK TABLES;

--
-- Table structure for table `photos`
--

DROP TABLE IF EXISTS `photos`;
/*!40101 SET @saved_cs_client     = @@character_set_client */;
/*!40101 SET character_set_client = utf8 */;
CREATE TABLE `photos` (
  `id` int(10) unsigned NOT NULL AUTO_INCREMENT,
  `url` varchar(255) DEFAULT NULL COMMENT 'Ссылка на фотографии',
  PRIMARY KEY (`id`)
) ENGINE=InnoDB AUTO_INCREMENT=51 DEFAULT CHARSET=utf8 COMMENT='Фотографии';
/*!40101 SET character_set_client = @saved_cs_client */;

--
-- Dumping data for table `photos`
--

LOCK TABLES `photos` WRITE;
/*!40000 ALTER TABLE `photos` DISABLE KEYS */;
INSERT INTO `photos` VALUES (1,'http://lorempixel.com/640/480/'),(2,'http://lorempixel.com/640/480/'),(3,'http://lorempixel.com/640/480/'),(4,'http://lorempixel.com/640/480/'),(5,'http://lorempixel.com/640/480/'),(6,'http://lorempixel.com/640/480/'),(7,'http://lorempixel.com/640/480/'),(8,'http://lorempixel.com/640/480/'),(9,'http://lorempixel.com/640/480/'),(10,'http://lorempixel.com/640/480/'),(11,'http://lorempixel.com/640/480/'),(12,'http://lorempixel.com/640/480/'),(13,'http://lorempixel.com/640/480/'),(14,'http://lorempixel.com/640/480/'),(15,'http://lorempixel.com/640/480/'),(16,'http://lorempixel.com/640/480/'),(17,'http://lorempixel.com/640/480/'),(18,'http://lorempixel.com/640/480/'),(19,'http://lorempixel.com/640/480/'),(20,'http://lorempixel.com/640/480/'),(21,'http://lorempixel.com/640/480/'),(22,'http://lorempixel.com/640/480/'),(23,'http://lorempixel.com/640/480/'),(24,'http://lorempixel.com/640/480/'),(25,'http://lorempixel.com/640/480/'),(26,'http://lorempixel.com/640/480/'),(27,'http://lorempixel.com/640/480/'),(28,'http://lorempixel.com/640/480/'),(29,'http://lorempixel.com/640/480/'),(30,'http://lorempixel.com/640/480/'),(31,'http://lorempixel.com/640/480/'),(32,'http://lorempixel.com/640/480/'),(33,'http://lorempixel.com/640/480/'),(34,'http://lorempixel.com/640/480/'),(35,'http://lorempixel.com/640/480/'),(36,'http://lorempixel.com/640/480/'),(37,'http://lorempixel.com/640/480/'),(38,'http://lorempixel.com/640/480/'),(39,'http://lorempixel.com/640/480/'),(40,'http://lorempixel.com/640/480/'),(41,'http://lorempixel.com/640/480/'),(42,'http://lorempixel.com/640/480/'),(43,'http://lorempixel.com/640/480/'),(44,'http://lorempixel.com/640/480/'),(45,'http://lorempixel.com/640/480/'),(46,'http://lorempixel.com/640/480/'),(47,'http://lorempixel.com/640/480/'),(48,'http://lorempixel.com/640/480/'),(49,'http://lorempixel.com/640/480/'),(50,'http://lorempixel.com/640/480/');
/*!40000 ALTER TABLE `photos` ENABLE KEYS */;
UNLOCK TABLES;

--
-- Table structure for table `point_of_issues`
--

DROP TABLE IF EXISTS `point_of_issues`;
/*!40101 SET @saved_cs_client     = @@character_set_client */;
/*!40101 SET character_set_client = utf8 */;
CREATE TABLE `point_of_issues` (
  `id` int(10) unsigned NOT NULL AUTO_INCREMENT,
  `city_id` int(10) unsigned NOT NULL COMMENT 'Город',
  `address` varchar(255) NOT NULL COMMENT 'Адрес пункта выдачи',
  PRIMARY KEY (`id`),
  KEY `point_of_issues_city_id_fk` (`city_id`),
  CONSTRAINT `point_of_issues_city_id_fk` FOREIGN KEY (`city_id`) REFERENCES `cities` (`id`)
) ENGINE=InnoDB AUTO_INCREMENT=101 DEFAULT CHARSET=utf8 COMMENT='Список пунктов выдачи';
/*!40101 SET character_set_client = @saved_cs_client */;

--
-- Dumping data for table `point_of_issues`
--

LOCK TABLES `point_of_issues` WRITE;
/*!40000 ALTER TABLE `point_of_issues` DISABLE KEYS */;
INSERT INTO `point_of_issues` VALUES (1,1,'8732 Okuneva Falls Suite 354'),(2,2,'58286 Tyreek Passage'),(3,3,'53541 Lucile Landing Suite 856'),(4,4,'8351 Larson Park Apt. 223'),(5,5,'394 Alison Garden'),(6,6,'730 Wilderman Way'),(7,7,'53359 Kreiger Circles Suite 100'),(8,8,'8201 Rick Mews Apt. 993'),(9,9,'782 Hilll Shore Apt. 491'),(10,10,'347 Evert Lane'),(11,11,'09912 Prohaska Creek'),(12,12,'347 Johns Place Apt. 263'),(13,13,'763 Leffler Highway'),(14,14,'32258 Dooley Expressway'),(15,15,'10240 Dach Bridge'),(16,16,'69355 Henri Mountains Suite 737'),(17,17,'819 Winfield Road Suite 706'),(18,18,'481 Herman Light Suite 401'),(19,19,'759 Reichert Islands Apt. 040'),(20,20,'960 Hermann Ways Apt. 219'),(21,21,'579 Deonte Trail'),(22,22,'96056 Pfeffer Field'),(23,23,'1837 Abe Parkway'),(24,24,'14846 Bailey Trace'),(25,25,'808 Corwin Prairie Apt. 068'),(26,26,'76652 Wisoky Track Apt. 557'),(27,27,'70582 Gordon Prairie Apt. 942'),(28,28,'776 Dewayne Dam Suite 031'),(29,29,'302 Deshaun Fort'),(30,30,'5873 Kohler Villages'),(31,1,'54636 Willms Crescent Apt. 031'),(32,2,'27339 Cremin Cliff Suite 336'),(33,3,'430 Jaylan Village Suite 395'),(34,4,'087 Wolf Flats'),(35,5,'931 Alexandria Mountain Suite 770'),(36,6,'515 Marguerite Shoals Apt. 274'),(37,7,'882 O\'Conner Key Apt. 604'),(38,8,'84361 Pfeffer Port'),(39,9,'8353 Zboncak Tunnel Suite 241'),(40,10,'7130 Douglas Pines Apt. 538'),(41,11,'550 Kerluke Circle'),(42,12,'3116 Donato Village Apt. 650'),(43,13,'9469 Heaney Flat'),(44,14,'7023 Santina Shoal Apt. 082'),(45,15,'44663 Mertz Green'),(46,16,'187 Wilson Cliff Apt. 085'),(47,17,'25824 Breitenberg Corner Apt. 792'),(48,18,'49448 D\'Amore Place'),(49,19,'399 Littel Camp'),(50,20,'6040 Graham Burgs Suite 021'),(51,21,'219 Katlynn Roads Apt. 334'),(52,22,'393 Nathanial Port'),(53,23,'3346 Francesca Roads Suite 821'),(54,24,'03890 Laverna Heights Suite 726'),(55,25,'57910 Lang Prairie'),(56,26,'62740 Donnelly Mission Suite 591'),(57,27,'790 Lexi Rest'),(58,28,'47626 Brielle Mountains'),(59,29,'278 Walsh Prairie'),(60,30,'779 Russel Pines Apt. 567'),(61,1,'42133 Hayes Streets Suite 786'),(62,2,'5180 August Canyon Apt. 374'),(63,3,'1384 Cronin Hills Suite 830'),(64,4,'5424 Dooley Via Suite 633'),(65,5,'879 Myah Key'),(66,6,'9920 Alan Green'),(67,7,'91557 Corwin Roads'),(68,8,'465 Emery Walks Apt. 593'),(69,9,'82321 Pacocha Overpass'),(70,10,'215 Gabriella Park'),(71,11,'49094 Belle Rapids Suite 055'),(72,12,'11076 Myrtie Parks Apt. 531'),(73,13,'4971 Blanda Field Suite 629'),(74,14,'70691 Arturo Ramp Suite 526'),(75,15,'969 Ziemann Ranch Apt. 384'),(76,16,'682 Levi Mews Suite 816'),(77,17,'4846 Katelin Ridges'),(78,18,'580 Jabari Valley'),(79,19,'532 Thiel Extensions Suite 973'),(80,20,'190 Cronin Lodge'),(81,21,'47216 Rowe Canyon'),(82,22,'57721 Loren Dam'),(83,23,'545 Emelia Road'),(84,24,'03998 Ryleigh Ferry Suite 507'),(85,25,'6563 Purdy Lights'),(86,26,'93001 Howe Mission'),(87,27,'010 Bayer Creek Suite 462'),(88,28,'781 Katarina Turnpike'),(89,29,'325 Larson Field Apt. 677'),(90,30,'437 Lehner Shores Apt. 245'),(91,1,'4321 Beer Mission Apt. 070'),(92,2,'8077 Ernser Motorway Apt. 293'),(93,3,'41013 Maynard Expressway Apt. 712'),(94,4,'29490 Goyette Springs Suite 958'),(95,5,'797 Krajcik Courts'),(96,6,'301 Shirley Divide Apt. 869'),(97,7,'07587 Olga Burg'),(98,8,'20442 Katlynn Shore'),(99,9,'610 Chesley Shores Apt. 550'),(100,10,'41000 Nienow Plains Apt. 931');
/*!40000 ALTER TABLE `point_of_issues` ENABLE KEYS */;
UNLOCK TABLES;

--
-- Table structure for table `products`
--

DROP TABLE IF EXISTS `products`;
/*!40101 SET @saved_cs_client     = @@character_set_client */;
/*!40101 SET character_set_client = utf8 */;
CREATE TABLE `products` (
  `id` int(10) unsigned NOT NULL AUTO_INCREMENT,
  `category_id` int(10) unsigned NOT NULL,
  `photo_id` int(10) unsigned DEFAULT NULL,
  `name` varchar(255) NOT NULL COMMENT 'Название',
  `description` text NOT NULL COMMENT 'Описание',
  `price` decimal(11,2) NOT NULL COMMENT 'Цена',
  `quantity` int(10) unsigned DEFAULT NULL COMMENT 'Количество',
  `availiability` tinyint(1) NOT NULL COMMENT 'Наличие',
  `created_at` datetime DEFAULT CURRENT_TIMESTAMP,
  `updated_at` datetime DEFAULT CURRENT_TIMESTAMP ON UPDATE CURRENT_TIMESTAMP,
  PRIMARY KEY (`id`),
  KEY `products_category_id_fk` (`category_id`),
  KEY `products_photo_id_fk` (`photo_id`),
  KEY `products_name_idx` (`name`),
  KEY `products_price_idx` (`price`),
  CONSTRAINT `products_category_id_fk` FOREIGN KEY (`category_id`) REFERENCES `categories` (`id`),
  CONSTRAINT `products_photo_id_fk` FOREIGN KEY (`photo_id`) REFERENCES `photos` (`id`)
) ENGINE=InnoDB AUTO_INCREMENT=51 DEFAULT CHARSET=utf8 COMMENT='Товарные позиции';
/*!40101 SET character_set_client = @saved_cs_client */;

--
-- Dumping data for table `products`
--

LOCK TABLES `products` WRITE;
/*!40000 ALTER TABLE `products` DISABLE KEYS */;
INSERT INTO `products` VALUES (1,10,1,'ut','Dolorum voluptate autem dolores ut quia architecto. Hic possimus amet quia at nesciunt debitis dicta accusantium. Dolores sint quibusdam beatae nemo sequi veniam.',68202.85,16,0,'1985-01-31 15:27:41','2020-02-18 23:23:44'),(2,20,2,'est','Qui et ea provident quo minima. Perferendis placeat voluptates eaque nihil. Quo fugiat nobis et omnis suscipit.',19140.64,11,0,'1976-01-20 12:44:51','2020-02-18 23:23:44'),(3,9,3,'alias','Eaque aut ab officiis animi officia doloremque voluptatem. Dignissimos quae magnam amet doloremque. Provident sit aut cupiditate deleniti hic. Nostrum maiores quaerat et omnis sint.',12829.83,22,0,'2000-04-11 23:18:30','2020-02-18 23:23:44'),(4,5,4,'nam','Ut distinctio id ut quae est. Veritatis tenetur eum consequatur facilis. Et amet aut esse officiis minima tempore eum adipisci.',13963.79,5,0,'1995-05-18 14:31:05','2020-02-18 23:23:44'),(5,17,5,'perferendis','Deleniti labore nihil ab qui ad porro ratione. Magnam beatae voluptatum voluptatem iusto voluptate doloribus dolorem. Sed rem nisi voluptatibus nihil laboriosam et eaque natus.',8365.41,11,0,'2005-08-08 17:34:39','2020-02-18 23:23:44'),(6,12,6,'perspiciatis','Praesentium qui nihil voluptatem aliquam. Et nihil ipsa dolor aut quod. Quas aliquid et quos in.',50665.46,24,1,'1989-05-10 10:56:38','2020-02-18 23:23:44'),(7,6,7,'distinctio','Dolores distinctio placeat consequatur est deleniti asperiores. Vitae repellat dolore quo assumenda saepe sunt. Quia cupiditate saepe autem voluptas et pariatur. Nesciunt rerum quo repudiandae id repellat.',45855.25,27,0,'1975-03-09 09:44:53','2020-02-18 23:23:44'),(8,15,8,'qui','Nulla blanditiis quod qui nemo fugit ipsum sit. Doloremque laborum est iure et officia. Consectetur iusto laboriosam et quam eligendi ratione placeat. Repellat est explicabo aut qui ea aut commodi.',89164.54,7,0,'1972-09-22 02:53:58','2020-02-18 23:23:44'),(9,17,9,'qui','Omnis culpa fugiat cupiditate laboriosam sapiente minima. Sint placeat ut est quo corrupti sit. Illum commodi at officia nobis qui blanditiis. Debitis quis architecto sunt.',61903.86,4,0,'1985-03-29 10:37:12','2020-02-18 23:23:44'),(10,19,10,'rerum','Ad tempore eum error. Facere et sint aliquam. Rerum consectetur tenetur at nobis cum. Debitis veritatis tempore eligendi nihil dicta voluptatem veniam tempora.',60553.43,22,1,'1992-01-31 03:43:40','2020-02-18 23:23:44'),(11,1,11,'corrupti','In recusandae voluptatem est quisquam et. Doloribus ipsum sapiente voluptatem reiciendis. Libero sit culpa est. Facilis fugit aliquam et fuga aut odio quos voluptatem.',90770.11,19,1,'1976-11-29 01:50:59','2020-02-18 23:23:44'),(12,10,12,'est','Nulla quidem est placeat aliquam sit assumenda qui. In voluptas placeat consequuntur. Dolorum excepturi aliquam inventore dolores unde. Voluptatem veniam eligendi fugiat temporibus quis.',65419.37,25,1,'1993-11-18 02:17:47','2020-02-18 23:23:44'),(13,6,13,'necessitatibus','Aliquid voluptatem autem qui accusamus cupiditate. Et est aut et ea molestias eius doloremque. Vero facilis voluptatibus ex. Repudiandae non vel tempora sit laudantium omnis non fugit.',59513.55,11,1,'1977-04-12 16:07:12','2020-02-18 23:23:44'),(14,20,14,'placeat','Earum id ut similique dolorem enim. Eligendi aliquid a est possimus molestias eum velit. Assumenda pariatur placeat repellat est itaque occaecati. Quae quod pariatur nemo iure ut est harum.',57853.58,25,1,'1978-06-22 17:37:23','2020-02-18 23:23:44'),(15,2,15,'dolor','Molestiae atque voluptatem dolorum natus aperiam voluptatibus voluptas. Harum aut voluptatibus est. Et qui at sed sequi non.',1915.21,29,1,'1984-07-31 22:17:32','2020-02-18 23:23:44'),(16,8,16,'aut','Aliquam rerum ipsa debitis a. Ad asperiores veniam sed totam dignissimos expedita at blanditiis. Dignissimos nesciunt exercitationem officia impedit rem et autem. Rem enim sit modi excepturi harum est.',22576.09,26,0,'1989-05-20 01:22:52','2020-02-18 23:23:44'),(17,12,17,'voluptate','Dolores tenetur maiores quo magni quibusdam et dolorem. Necessitatibus fugit quia et ullam mollitia fuga. Officiis quia nihil neque dolor perferendis veritatis.',41269.96,14,1,'2003-09-28 14:34:23','2020-02-18 23:23:44'),(18,18,18,'natus','Natus eaque eum excepturi perferendis eos voluptatem quis. Maxime labore praesentium at qui. Officia laboriosam enim error repellat exercitationem.',36629.30,14,0,'1993-02-17 15:31:30','1993-02-17 15:31:30'),(19,11,19,'recusandae','Id molestiae totam cupiditate laudantium aut est qui. Quae corrupti magnam atque ea in necessitatibus. Eum quibusdam quo omnis quibusdam consequuntur assumenda. Dignissimos necessitatibus voluptatem eveniet soluta voluptatem. Quam molestiae amet voluptas dolore dolor vero in eligendi.',43455.40,4,0,'2012-07-04 17:22:19','2020-02-18 23:23:44'),(20,2,20,'quia','Reprehenderit animi ut qui nihil optio. Praesentium neque ipsam nihil quis. Perferendis itaque ipsum dolorem maxime velit.',48425.10,4,0,'1977-01-17 11:13:36','2020-02-18 23:23:44'),(21,14,21,'iure','Veniam et dolores quia vitae repellat reiciendis et dolorem. Fuga aspernatur culpa quidem animi quas ipsam asperiores. Mollitia architecto consequatur ut voluptatem tenetur voluptatum. Porro aperiam et nam.',80738.63,29,1,'2001-01-25 07:29:18','2020-02-18 23:23:44'),(22,7,22,'qui','Quisquam fugit porro molestiae rerum ipsa reiciendis. Facilis voluptas adipisci rerum eligendi quos. Nesciunt et explicabo ullam incidunt officia.',26379.36,8,1,'1994-05-17 22:13:18','2020-02-18 23:23:44'),(23,11,23,'est','Exercitationem harum nam ea perspiciatis voluptatem exercitationem id. Iste id ut est commodi. Nostrum at sunt qui et ut.',10640.00,20,0,'2019-06-27 06:33:16','2020-02-18 23:23:44'),(24,12,24,'veritatis','Vel sit sint recusandae et explicabo totam maiores. Rerum consequatur odit quibusdam sapiente dicta qui maxime quas. Corporis velit nemo ab nesciunt.',40280.30,19,0,'1981-01-10 03:35:01','2020-02-18 23:23:44'),(25,9,25,'placeat','Facilis autem sint sed expedita non. Fugiat error deleniti necessitatibus eos quod aspernatur. Quo fugiat non ipsam id assumenda inventore est. Qui expedita at totam qui autem ad omnis a. Modi dolore doloremque dolorum sint autem.',28630.66,19,0,'2013-05-25 13:31:48','2020-02-18 23:23:44'),(26,8,26,'nam','Cum blanditiis repudiandae voluptatem libero. Sit dolor minus odio vitae. Quibusdam et voluptatem quod sit aut exercitationem.',57144.00,1,1,'1998-02-10 04:09:10','2020-02-18 23:23:44'),(27,12,27,'dolor','Eaque ut esse possimus aut. Est aliquam nihil quod. Assumenda amet soluta voluptatem minima consequuntur.',81753.35,7,1,'1995-11-30 15:49:11','2020-02-18 23:23:44'),(28,15,28,'qui','Qui aliquam harum aliquid vitae neque. Minima tempore quae vel earum. Modi eius qui eaque et quisquam. Laborum optio laudantium qui molestias et eveniet voluptates et.',12977.87,2,0,'2013-05-30 22:47:07','2020-02-18 23:23:44'),(29,17,29,'nemo','Id sed deleniti et nihil. Sunt nulla animi et similique et reiciendis nesciunt. Voluptatibus sapiente est ut sint quod doloremque. Quia provident recusandae amet.',41202.58,29,0,'2002-06-09 22:47:53','2020-02-18 23:23:44'),(30,1,30,'corrupti','Omnis deleniti quo aut sequi quo. Aut non ducimus facere quia voluptates qui reprehenderit. Ut maiores perspiciatis repudiandae quisquam iure et animi. Rem praesentium mollitia ea veniam quidem.',724.00,28,1,'1996-12-29 12:24:10','2020-02-18 23:23:44'),(31,15,31,'velit','Fuga sequi optio quam adipisci rerum tenetur rem. Debitis sunt dolor perferendis molestiae eum labore dolores. Saepe magni voluptas rerum eius et quia.',60593.81,2,0,'1996-10-22 15:39:13','2020-02-18 23:23:44'),(32,11,32,'repellendus','Et similique harum quibusdam porro. Totam excepturi aut quia reprehenderit illo.',46028.16,5,1,'1988-09-14 06:20:20','2020-02-18 23:23:44'),(33,9,33,'hic','Impedit commodi non veniam facere quo sed quam ea. Commodi quam reiciendis odit eos quod. Id molestias veniam non minus. Repudiandae laudantium minima eligendi animi modi temporibus voluptas.',81568.05,17,0,'2004-11-21 18:29:44','2020-02-18 23:23:44'),(34,13,34,'et','Tenetur recusandae tempora quo iure sunt ducimus. Placeat in tempora suscipit. Quibusdam aut rem voluptas voluptas vero molestiae non. Expedita iusto vitae enim neque. Ut quas officia assumenda qui eius voluptatem vitae.',75840.20,21,0,'1984-08-15 12:21:44','2020-02-18 23:23:44'),(35,17,35,'ex','Voluptates quis inventore sit. Quidem pariatur illo consequatur tempora in perferendis nemo.',89420.10,4,0,'2008-01-03 22:51:14','2020-02-18 23:23:44'),(36,4,36,'quis','Quia aliquid iste at quasi ea. Et in eaque quaerat aspernatur est modi optio. Exercitationem quibusdam eos vel dolore.',19647.17,13,0,'2001-06-05 02:19:42','2020-02-18 23:23:44'),(37,8,37,'consectetur','Aliquid voluptas qui excepturi architecto dolores perferendis sed. Rerum repudiandae fuga ullam veritatis sed et dolorem et. Autem et nihil ex tempora nobis earum nihil. Qui cupiditate recusandae dignissimos suscipit.',3377.76,17,0,'1996-02-03 14:33:26','2020-02-18 23:23:44'),(38,8,38,'perferendis','Qui pariatur accusamus nisi nulla. Numquam omnis praesentium aut laborum dolorem porro. Voluptas odio optio aut debitis cupiditate quos qui.',23788.07,11,1,'2011-02-05 09:26:39','2020-02-18 23:23:44'),(39,14,39,'cumque','Sed beatae qui dolorem illo libero id maxime. Veritatis omnis iste quod hic. Aperiam velit provident quas amet vel nihil. Possimus quia odio magnam assumenda doloremque temporibus et.',47352.80,10,1,'1988-08-04 22:04:31','2020-02-18 23:23:44'),(40,7,40,'libero','Non tempora voluptatem accusantium. Voluptas laudantium id quo minus.',58882.02,10,0,'1998-01-09 00:29:56','2020-02-18 23:23:44'),(41,10,41,'iste','Corporis voluptatem pariatur vel. Magni itaque architecto eum quia. Deleniti qui reprehenderit ipsum corrupti dolorem.',23553.26,11,0,'2000-02-03 21:16:56','2020-02-18 23:23:44'),(42,12,42,'ut','Magnam doloremque consequatur id dicta est. Fugiat a eius quod sint. Error maiores et et nemo.',10336.49,29,1,'1973-06-11 05:18:57','2020-02-18 23:23:44'),(43,7,43,'facilis','Soluta animi cupiditate officiis et qui. Delectus qui minus deleniti ipsum rerum. Quae esse distinctio consequatur magni omnis.',81219.14,20,1,'1971-06-26 00:07:01','2020-02-18 23:23:44'),(44,17,44,'suscipit','Dignissimos qui iste aut aut. Velit sit adipisci possimus voluptas. Aliquid dolor excepturi et consequatur explicabo porro et. Eos quia eos aut sint sed. Velit autem voluptatem et optio excepturi sunt necessitatibus.',73840.31,30,0,'1989-07-08 16:21:18','2020-02-18 23:23:44'),(45,6,45,'est','Consequatur inventore harum laboriosam corrupti dolor iusto. Et vero dignissimos iure quia ut.',74394.04,8,1,'1985-01-14 02:39:17','2020-02-18 23:23:44'),(46,18,46,'qui','Sit non aut est earum. Aut quia veritatis rerum sit velit. Quos molestiae est sit excepturi ut exercitationem.',69931.90,16,1,'1986-09-03 03:46:05','2020-02-18 23:23:44'),(47,12,47,'vel','Nulla repellendus natus amet voluptatem autem. Odio consequuntur neque odit sed quia vel labore. Facere temporibus dolores atque distinctio molestiae doloremque saepe.',32752.20,19,0,'2001-10-06 13:50:01','2020-02-18 23:23:44'),(48,5,48,'adipisci','Autem architecto sit nihil. Maxime quibusdam qui reiciendis laboriosam temporibus qui et autem. Laudantium ea in omnis et. Praesentium dolore quod neque amet doloremque et perferendis.',65131.37,30,1,'2010-07-16 11:00:09','2020-02-18 23:23:44'),(49,9,49,'voluptas','Id tempore sed voluptas sunt distinctio eum. Commodi eaque sunt corporis nulla aut repudiandae sit. Sed qui tenetur assumenda quia ipsam sed aut.',81037.26,5,0,'2002-12-19 09:49:32','2013-12-06 09:29:06'),(50,8,50,'et','Sunt modi eveniet modi sequi. Explicabo quidem voluptatem totam. Error non necessitatibus sequi ut dolores.',62818.76,13,0,'1991-01-16 10:43:58','2020-02-18 23:23:44');
/*!40000 ALTER TABLE `products` ENABLE KEYS */;
UNLOCK TABLES;

--
-- Table structure for table `profiles`
--

DROP TABLE IF EXISTS `profiles`;
/*!40101 SET @saved_cs_client     = @@character_set_client */;
/*!40101 SET character_set_client = utf8 */;
CREATE TABLE `profiles` (
  `id` int(10) unsigned NOT NULL AUTO_INCREMENT,
  `user_id` int(10) unsigned NOT NULL,
  `visits` int(10) unsigned NOT NULL COMMENT 'Количество визитов',
  `user_privilegies_id` int(10) unsigned NOT NULL COMMENT 'Статус привелегий клиента',
  `point_of_issue_id` int(10) unsigned DEFAULT NULL COMMENT 'Пункт выдачи',
  `bonus_count` int(10) unsigned DEFAULT '0' COMMENT 'Баланс бонусов',
  `created_at` datetime DEFAULT CURRENT_TIMESTAMP,
  `updated_at` datetime DEFAULT CURRENT_TIMESTAMP ON UPDATE CURRENT_TIMESTAMP,
  PRIMARY KEY (`id`),
  KEY `profiles_user_id_fk` (`user_id`),
  KEY `profiles_user_privilegies_id_fk` (`user_privilegies_id`),
  KEY `profiles_point_of_issue_id_fk` (`point_of_issue_id`),
  CONSTRAINT `profiles_point_of_issue_id_fk` FOREIGN KEY (`point_of_issue_id`) REFERENCES `point_of_issues` (`id`),
  CONSTRAINT `profiles_user_id_fk` FOREIGN KEY (`user_id`) REFERENCES `users` (`id`),
  CONSTRAINT `profiles_user_privilegies_id_fk` FOREIGN KEY (`user_privilegies_id`) REFERENCES `user_privilegies` (`id`)
) ENGINE=InnoDB AUTO_INCREMENT=301 DEFAULT CHARSET=utf8 COMMENT='Покупатели';
/*!40101 SET character_set_client = @saved_cs_client */;

--
-- Dumping data for table `profiles`
--

LOCK TABLES `profiles` WRITE;
/*!40000 ALTER TABLE `profiles` DISABLE KEYS */;
INSERT INTO `profiles` VALUES (1,1,19,1,55,5499,'1979-01-06 03:46:24','2020-02-18 23:24:59'),(2,2,35,2,65,12775,'2001-03-13 06:02:44','2020-02-18 23:24:59'),(3,3,29,1,63,8616,'2016-09-20 11:49:28','2020-02-18 23:24:59'),(4,4,13,2,18,7885,'2017-04-10 05:00:46','2020-02-18 23:24:59'),(5,5,22,1,1,6237,'2019-06-13 01:41:32','2020-02-18 23:24:59'),(6,6,2,2,48,10473,'2008-04-05 00:13:59','2020-02-18 23:24:59'),(7,7,1,1,40,11865,'2018-05-19 20:16:56','2020-02-18 23:24:59'),(8,8,6,2,54,9110,'2006-07-30 11:56:26','2020-02-18 23:24:59'),(9,9,34,1,48,12271,'2018-03-03 21:32:41','2020-02-18 23:24:59'),(10,10,23,2,79,265,'1993-07-10 07:27:18','2020-02-18 23:24:59'),(11,11,15,1,49,13297,'2004-09-16 20:56:14','2020-02-18 23:24:59'),(12,12,15,2,9,111,'1988-03-31 08:34:19','2020-02-18 23:24:59'),(13,13,7,1,96,7508,'1977-10-02 21:33:07','2020-02-18 23:24:59'),(14,14,28,2,55,4289,'1993-10-07 04:02:47','2020-02-18 23:24:59'),(15,15,33,1,87,10609,'2005-05-27 07:58:55','2020-02-18 23:24:59'),(16,16,20,2,66,13514,'1997-07-27 19:43:00','2020-02-18 23:24:59'),(17,17,20,1,72,12564,'2007-10-19 16:46:18','2020-02-18 23:24:59'),(18,18,19,2,61,11728,'2017-03-09 23:41:04','2020-02-18 23:24:59'),(19,19,32,1,88,5866,'2015-12-28 02:18:17','2020-02-18 23:24:59'),(20,20,19,2,57,1755,'1989-06-16 13:03:18','2020-02-18 23:24:59'),(21,21,18,1,20,5727,'2011-06-05 10:42:45','2020-02-18 23:24:59'),(22,22,28,2,27,8819,'2010-03-21 05:14:47','2020-02-18 23:24:59'),(23,23,18,1,74,11857,'2019-04-17 03:06:00','2020-02-18 23:24:59'),(24,24,5,2,88,9650,'1999-04-04 04:49:53','2020-02-18 23:24:59'),(25,25,11,1,19,13344,'2019-09-22 15:05:41','2020-02-18 23:24:59'),(26,26,4,2,29,8831,'1997-12-26 09:43:23','2020-02-18 23:24:59'),(27,27,30,1,90,1331,'1983-09-09 03:55:47','2020-02-18 23:24:59'),(28,28,31,2,61,7912,'1971-07-06 09:50:50','2020-02-18 23:24:59'),(29,29,12,1,33,13798,'2008-02-13 18:55:44','2020-02-18 23:24:59'),(30,30,18,2,83,12084,'2011-08-30 20:00:35','2020-02-18 23:24:59'),(31,31,33,1,16,13644,'2015-06-14 18:32:44','2020-02-18 23:24:59'),(32,32,29,2,29,2505,'2004-03-20 06:06:42','2020-02-18 23:24:59'),(33,33,15,1,98,2017,'2008-05-11 20:26:20','2020-02-18 23:24:59'),(34,34,29,2,3,5427,'1991-03-01 11:35:42','2020-02-18 23:24:59'),(35,35,26,1,18,4668,'1991-12-27 07:13:38','2020-02-18 23:24:59'),(36,36,32,2,84,3635,'2009-11-08 09:38:58','2020-02-18 23:24:59'),(37,37,31,1,63,5692,'2005-02-14 16:17:31','2020-02-18 23:24:59'),(38,38,27,2,62,8387,'1970-12-21 18:25:58','2020-02-18 23:24:59'),(39,39,4,1,21,12805,'1984-06-11 06:19:54','2020-02-18 23:24:59'),(40,40,35,2,20,14188,'1993-09-23 15:22:46','2020-02-18 23:24:59'),(41,41,26,1,36,2537,'2011-01-07 00:53:29','2020-02-18 23:24:59'),(42,42,8,2,18,4113,'2008-09-05 02:08:51','2020-02-18 23:24:59'),(43,43,21,1,84,1286,'1970-09-03 12:29:01','2020-02-18 23:24:59'),(44,44,5,2,64,2165,'1975-02-03 05:17:33','2020-02-18 23:24:59'),(45,45,33,1,69,500,'2001-12-27 11:40:34','2020-02-18 23:24:59'),(46,46,35,2,53,821,'1989-11-23 01:43:40','2020-02-18 23:24:59'),(47,47,32,1,55,8438,'1978-06-28 07:33:24','2020-02-18 23:24:59'),(48,48,17,2,18,2150,'1970-06-23 17:41:49','2020-02-18 23:24:59'),(49,49,23,1,25,406,'1972-06-26 10:16:12','2020-02-18 23:24:59'),(50,50,30,2,69,7923,'2002-05-08 19:53:59','2020-02-18 23:24:59'),(51,51,10,1,69,349,'2007-06-01 17:50:48','2020-02-18 23:24:59'),(52,52,28,2,40,11711,'1973-12-11 23:37:35','2020-02-18 23:24:59'),(53,53,12,1,92,8151,'1979-05-09 07:45:59','2020-02-18 23:24:59'),(54,54,34,2,39,7313,'2015-01-09 18:23:47','2020-02-18 23:24:59'),(55,55,16,1,20,12001,'1989-04-18 12:54:46','2020-02-18 23:24:59'),(56,56,30,2,81,8344,'1973-10-26 18:17:04','2020-02-18 23:24:59'),(57,57,18,1,46,11866,'1977-08-03 16:03:58','2020-02-18 23:24:59'),(58,58,27,2,85,1987,'2004-03-23 05:46:36','2020-02-18 23:24:59'),(59,59,15,1,86,312,'1974-02-04 00:16:42','2020-02-18 23:24:59'),(60,60,5,2,77,11021,'2002-03-28 00:46:56','2020-02-18 23:24:59'),(61,61,35,1,23,14134,'1987-12-15 03:51:25','2020-02-18 23:24:59'),(62,62,33,2,86,7371,'2007-02-18 22:49:20','2020-02-18 23:24:59'),(63,63,29,1,61,4689,'2005-03-06 21:27:31','2020-02-18 23:24:59'),(64,64,20,2,47,9588,'1989-08-14 17:28:42','2020-02-18 23:24:59'),(65,65,18,1,53,10052,'2010-04-25 19:05:03','2020-02-18 23:24:59'),(66,66,20,2,20,4112,'1995-04-19 03:12:49','2020-02-18 23:24:59'),(67,67,3,1,44,7752,'1974-12-22 16:05:09','2020-02-18 23:24:59'),(68,68,25,2,57,5572,'1998-10-09 14:25:51','2020-02-18 23:24:59'),(69,69,25,1,52,10786,'1993-01-04 10:27:19','2020-02-18 23:24:59'),(70,70,35,2,90,3819,'1991-02-18 11:02:42','2020-02-18 23:24:59'),(71,71,13,1,95,4437,'1995-09-30 03:07:22','2020-02-18 23:24:59'),(72,72,15,2,2,10206,'2007-06-02 15:36:13','2020-02-18 23:24:59'),(73,73,9,1,24,6734,'1981-07-27 05:58:43','2020-02-18 23:24:59'),(74,74,21,2,16,820,'1989-06-22 12:19:41','2020-02-18 23:24:59'),(75,75,25,1,7,5439,'1991-06-02 23:38:26','2020-02-18 23:24:59'),(76,76,15,2,86,13179,'2002-03-08 10:09:03','2020-02-18 23:24:59'),(77,77,27,1,7,14483,'2012-03-30 04:45:57','2020-02-18 23:24:59'),(78,78,25,2,78,7938,'1995-09-14 13:29:44','2010-06-29 10:30:14'),(79,79,20,1,68,6487,'1983-01-02 16:14:28','2020-02-18 23:24:59'),(80,80,7,2,4,8858,'1972-12-29 00:35:38','2020-02-18 23:24:59'),(81,81,20,1,16,2844,'1976-10-01 16:56:26','2020-02-18 23:24:59'),(82,82,27,2,67,9096,'2003-12-27 00:47:48','2020-02-18 23:24:59'),(83,83,26,1,85,4700,'2010-04-05 08:14:49','2020-02-18 23:24:59'),(84,84,29,2,26,11385,'1989-12-01 03:39:49','2020-02-18 23:24:59'),(85,85,26,1,75,13247,'1977-12-27 21:49:01','2020-02-18 23:24:59'),(86,86,24,2,97,2464,'2000-01-31 16:50:10','2020-02-18 23:24:59'),(87,87,21,1,59,13736,'1979-05-01 12:36:49','2020-02-18 23:24:59'),(88,88,11,2,4,5208,'2012-09-13 03:23:15','2020-02-18 23:24:59'),(89,89,1,1,40,6923,'2014-03-05 20:09:34','2020-02-18 23:24:59'),(90,90,32,2,90,2531,'2018-08-10 13:24:28','2018-08-10 13:24:28'),(91,91,13,1,28,8206,'1983-11-01 18:06:39','2020-02-18 23:24:59'),(92,92,16,2,72,5036,'1978-04-02 17:00:07','2020-02-18 23:24:59'),(93,93,2,1,74,11860,'2006-04-10 07:19:27','2020-02-18 23:24:59'),(94,94,18,2,54,1706,'2017-06-05 23:39:48','2020-02-18 23:24:59'),(95,95,21,1,47,3217,'2005-02-19 20:53:47','2020-02-18 23:24:59'),(96,96,35,2,74,14631,'2016-12-17 07:14:05','2020-02-18 23:24:59'),(97,97,26,1,27,5332,'2019-09-14 00:15:12','2020-02-18 23:24:59'),(98,98,5,2,11,14001,'2012-07-16 01:04:20','2020-02-18 23:24:59'),(99,99,18,1,76,1400,'1985-07-31 00:00:12','2020-02-18 23:24:59'),(100,100,3,2,46,13065,'2019-02-16 14:26:53','2020-02-18 23:24:59'),(101,101,12,1,2,14185,'1993-03-09 19:23:49','2020-02-18 23:24:59'),(102,102,19,2,70,3613,'1975-01-14 12:45:33','2020-02-18 23:24:59'),(103,103,20,1,43,11687,'1996-06-22 09:44:35','2020-02-18 23:24:59'),(104,104,3,2,4,3086,'2000-12-05 02:18:03','2000-12-05 02:18:03'),(105,105,29,1,93,930,'2003-09-04 02:42:23','2020-02-18 23:24:59'),(106,106,19,2,50,9267,'1997-11-21 18:17:00','2020-02-18 23:24:59'),(107,107,30,1,69,13630,'2017-10-30 19:19:17','2020-02-18 23:24:59'),(108,108,4,2,98,14209,'2014-04-18 12:42:57','2020-02-18 23:24:59'),(109,109,21,1,82,10030,'1972-05-31 16:22:21','2020-02-18 23:24:59'),(110,110,3,2,15,1609,'1970-04-28 07:57:31','2020-02-18 23:24:59'),(111,111,27,1,28,4047,'2009-12-02 00:11:44','2020-02-18 23:24:59'),(112,112,8,2,93,7674,'1974-02-13 07:05:42','2020-02-18 23:24:59'),(113,113,14,1,81,12592,'2016-05-08 17:15:50','2020-02-18 23:24:59'),(114,114,31,2,28,909,'1975-06-11 23:51:32','2020-02-18 23:24:59'),(115,115,1,1,95,11630,'1985-01-29 11:31:31','2020-02-18 23:24:59'),(116,116,30,2,89,1594,'2004-01-13 13:40:14','2020-02-18 23:24:59'),(117,117,7,1,62,12015,'1982-05-01 17:00:12','2020-02-18 23:24:59'),(118,118,10,2,43,12360,'2009-05-25 22:35:27','2020-02-18 23:24:59'),(119,119,2,1,27,3073,'2017-08-09 17:44:50','2020-02-18 23:24:59'),(120,120,7,2,8,9784,'2000-05-07 06:14:29','2020-02-18 23:24:59'),(121,121,25,1,56,12700,'1985-03-13 22:57:25','2020-02-18 23:24:59'),(122,122,15,2,54,14368,'1987-02-13 22:19:32','2020-02-18 23:24:59'),(123,123,34,1,4,5128,'1987-08-28 05:27:46','2020-02-18 23:24:59'),(124,124,16,2,56,3298,'1975-04-18 06:29:41','2020-02-18 23:24:59'),(125,125,1,1,70,9517,'1997-04-15 05:58:58','2020-02-18 23:24:59'),(126,126,22,2,81,11511,'1975-08-15 08:47:01','2020-02-18 23:24:59'),(127,127,23,1,93,10114,'1987-04-16 18:02:46','2020-02-18 23:24:59'),(128,128,27,2,22,9463,'2015-01-18 12:39:28','2020-02-18 23:24:59'),(129,129,21,1,29,10190,'1993-01-05 23:06:25','2008-04-22 09:52:31'),(130,130,11,2,79,14384,'1981-08-21 10:25:29','2020-02-18 23:24:59'),(131,131,11,1,9,5797,'1990-10-09 19:58:43','2020-02-18 23:24:59'),(132,132,9,2,9,2407,'1983-07-02 13:03:51','2020-02-18 23:24:59'),(133,133,15,1,14,1921,'1977-01-17 06:52:50','2020-02-18 23:24:59'),(134,134,5,2,44,14102,'2018-01-22 01:31:02','2020-02-18 23:24:59'),(135,135,19,1,79,7834,'2005-11-08 16:19:03','2020-02-18 23:24:59'),(136,136,16,2,63,12468,'1973-06-28 01:07:35','2020-02-18 23:24:59'),(137,137,21,1,76,5845,'1979-03-07 04:57:17','2020-02-18 23:24:59'),(138,138,22,2,90,3141,'2019-12-26 23:39:07','2020-02-18 23:24:59'),(139,139,5,1,24,3549,'1988-09-07 20:12:55','2020-02-18 23:24:59'),(140,140,15,2,48,9145,'1992-04-18 21:16:37','2020-02-18 23:24:59'),(141,141,4,1,69,14638,'2011-09-21 09:30:53','2020-02-18 23:24:59'),(142,142,29,2,98,7516,'2014-02-04 04:26:50','2020-02-18 23:24:59'),(143,143,13,1,85,12863,'1983-09-18 23:25:32','2020-02-18 23:24:59'),(144,144,9,2,27,797,'2000-05-06 10:03:43','2020-02-18 23:24:59'),(145,145,17,1,83,9412,'2005-09-06 21:03:18','2020-02-18 23:24:59'),(146,146,7,2,33,4787,'1983-01-12 10:32:05','2020-02-18 23:24:59'),(147,147,29,1,15,5947,'2018-12-23 15:09:01','2020-02-18 23:24:59'),(148,148,4,2,76,7237,'2007-09-19 17:02:28','2020-02-18 23:24:59'),(149,149,34,1,33,5087,'2016-03-15 22:27:27','2020-02-18 23:24:59'),(150,150,30,2,37,14874,'1985-05-29 18:35:32','2020-02-18 23:24:59'),(151,151,27,1,85,10238,'2000-06-21 10:54:06','2020-02-18 23:24:59'),(152,152,28,2,12,12278,'2012-07-04 21:06:44','2020-02-18 23:24:59'),(153,153,17,1,6,2401,'1985-02-01 05:52:23','2020-02-18 23:24:59'),(154,154,4,2,92,12336,'1994-02-07 09:51:00','2020-02-18 23:24:59'),(155,155,13,1,41,5978,'2000-10-11 23:10:15','2020-02-18 23:24:59'),(156,156,20,2,28,10977,'1986-05-19 20:00:22','2020-02-18 23:24:59'),(157,157,26,1,18,7566,'2007-03-17 03:40:57','2020-02-18 23:24:59'),(158,158,15,2,5,2020,'1971-11-04 00:09:38','2020-02-18 23:24:59'),(159,159,22,1,71,8930,'1972-08-26 10:59:50','2020-02-18 23:24:59'),(160,160,11,2,38,6310,'2001-05-29 10:50:06','2020-02-18 23:24:59'),(161,161,2,1,77,14059,'1971-08-05 21:44:32','2020-02-18 23:24:59'),(162,162,18,2,70,1751,'1971-01-19 08:20:56','2020-02-18 23:24:59'),(163,163,16,1,21,12088,'1972-11-27 09:48:59','2020-02-18 23:24:59'),(164,164,9,2,92,12235,'2007-01-05 17:59:29','2020-02-18 23:24:59'),(165,165,23,1,95,8258,'1995-03-28 08:55:41','2020-02-18 23:24:59'),(166,166,29,2,2,4843,'1997-08-12 16:56:03','2020-02-18 23:24:59'),(167,167,25,1,22,4398,'2004-05-28 22:08:47','2020-02-18 23:24:59'),(168,168,1,2,5,11148,'1994-02-10 21:06:03','2020-02-18 23:24:59'),(169,169,21,1,60,5196,'1983-03-02 22:18:59','2020-02-18 23:24:59'),(170,170,4,2,84,8727,'2000-04-19 18:24:10','2020-02-18 23:24:59'),(171,171,23,1,37,12491,'1997-07-13 18:12:36','2020-02-18 23:24:59'),(172,172,22,2,34,9943,'2008-02-29 04:52:30','2020-02-18 23:24:59'),(173,173,8,1,59,13230,'2002-08-23 13:31:34','2020-02-18 23:24:59'),(174,174,29,2,93,2673,'2014-10-27 21:27:03','2020-02-18 23:24:59'),(175,175,9,1,87,11894,'1997-06-19 09:17:53','2020-02-18 23:24:59'),(176,176,14,2,54,10911,'1973-12-02 01:12:01','2020-02-18 23:24:59'),(177,177,4,1,9,13670,'1974-04-13 21:53:02','2020-02-18 23:24:59'),(178,178,35,2,84,8887,'1991-09-02 18:28:10','2020-02-18 23:24:59'),(179,179,29,1,91,2374,'1974-07-04 23:41:10','2020-02-18 23:24:59'),(180,180,28,2,4,7838,'2006-05-12 22:29:12','2020-02-18 23:24:59'),(181,181,11,1,46,4527,'1975-04-16 20:21:46','2020-02-18 23:24:59'),(182,182,35,2,18,6014,'2008-04-09 10:42:05','2020-02-18 23:24:59'),(183,183,32,1,50,13350,'2004-11-09 22:15:29','2020-02-18 23:24:59'),(184,184,1,2,98,5276,'1990-02-13 07:41:09','2020-02-18 23:24:59'),(185,185,7,1,36,13394,'1991-10-19 05:22:02','2020-02-18 23:24:59'),(186,186,11,2,88,12690,'2013-09-08 06:08:08','2020-02-18 23:24:59'),(187,187,1,1,29,1884,'1978-01-28 03:37:58','2020-02-18 23:24:59'),(188,188,6,2,84,4089,'2006-04-16 18:02:18','2020-02-18 23:24:59'),(189,189,4,1,31,12564,'1979-12-30 00:54:32','2020-02-18 23:24:59'),(190,190,31,2,1,4433,'2017-10-21 14:10:49','2020-02-18 23:24:59'),(191,191,4,1,14,11636,'2005-05-26 12:12:55','2020-02-18 23:24:59'),(192,192,23,2,64,3309,'1997-12-29 14:54:12','2020-02-18 23:24:59'),(193,193,33,1,78,11732,'2020-01-03 08:43:57','2020-02-18 23:24:59'),(194,194,6,2,99,7471,'2013-03-27 05:23:35','2020-02-18 23:24:59'),(195,195,27,1,61,11994,'1985-10-22 06:01:36','2020-02-18 23:24:59'),(196,196,14,2,7,1721,'1995-11-07 04:31:25','2020-02-18 23:24:59'),(197,197,30,1,52,9565,'2002-09-13 18:12:27','2020-02-18 23:24:59'),(198,198,23,2,38,4147,'2014-02-23 08:09:52','2020-02-18 23:24:59'),(199,199,4,1,35,7753,'1986-07-16 09:04:44','2020-02-18 23:24:59'),(200,200,24,2,58,4326,'1981-05-16 06:07:39','2020-02-18 23:24:59'),(201,201,3,1,88,11974,'2017-10-22 21:56:33','2020-02-18 23:24:59'),(202,202,26,2,62,5170,'1980-07-31 04:35:39','2020-02-18 23:24:59'),(203,203,9,1,45,6290,'1973-07-13 05:41:35','2020-02-18 23:24:59'),(204,204,10,2,41,9563,'1981-01-14 07:59:09','2020-02-18 23:24:59'),(205,205,26,1,67,14619,'2016-10-29 11:36:27','2020-02-18 23:24:59'),(206,206,3,2,13,1744,'2003-04-16 21:12:00','2020-02-18 23:24:59'),(207,207,5,1,61,4109,'1984-08-03 06:07:32','2020-02-18 23:24:59'),(208,208,8,2,69,13933,'2007-06-12 01:01:27','2020-02-18 23:24:59'),(209,209,1,1,60,3304,'1986-07-27 14:50:30','2020-02-18 23:24:59'),(210,210,24,2,92,6336,'1977-01-31 16:50:06','2020-02-18 23:24:59'),(211,211,32,1,80,12907,'1982-01-10 22:54:28','2020-02-18 23:24:59'),(212,212,18,2,22,4814,'2006-06-12 09:38:27','2020-02-18 23:24:59'),(213,213,9,1,72,3135,'1997-06-09 12:17:01','2020-02-18 23:24:59'),(214,214,29,2,91,4564,'1989-02-26 03:20:38','2020-02-18 23:24:59'),(215,215,26,1,38,13809,'2013-06-23 08:38:09','2020-02-18 23:24:59'),(216,216,31,2,16,3302,'1995-05-29 07:22:51','1995-05-29 07:22:51'),(217,217,34,1,66,14418,'2012-09-25 04:33:07','2020-02-18 23:24:59'),(218,218,18,2,83,12746,'1971-06-11 00:02:48','2020-02-18 23:24:59'),(219,219,16,1,17,5299,'1987-08-28 08:47:28','2020-02-18 23:24:59'),(220,220,20,2,37,6479,'1997-02-16 23:03:46','2020-02-18 23:24:59'),(221,221,33,1,31,1699,'1989-11-01 16:40:49','2020-02-18 23:24:59'),(222,222,14,2,43,962,'2001-09-10 04:47:54','2020-02-18 23:24:59'),(223,223,14,1,22,227,'1982-09-07 19:37:04','2020-02-18 23:24:59'),(224,224,24,2,81,11396,'2003-03-28 01:26:03','2020-02-18 23:24:59'),(225,225,11,1,37,7790,'1993-11-13 21:55:06','2020-02-18 23:24:59'),(226,226,1,2,41,10957,'1980-12-11 07:30:27','2020-02-18 23:24:59'),(227,227,23,1,93,13496,'1970-04-07 23:48:26','2020-02-18 23:24:59'),(228,228,20,2,43,14168,'1980-12-10 18:16:27','2020-02-18 23:24:59'),(229,229,20,1,33,5369,'1984-07-31 17:42:07','2020-02-18 23:24:59'),(230,230,5,2,38,13661,'1987-01-19 18:03:58','2020-02-18 23:24:59'),(231,231,18,1,90,10764,'1971-12-05 20:41:49','2020-02-18 23:24:59'),(232,232,6,2,37,8596,'1985-07-27 14:43:15','2020-02-18 23:24:59'),(233,233,1,1,15,2524,'1979-02-21 18:35:39','2020-02-18 23:24:59'),(234,234,12,2,61,10036,'1993-11-24 13:15:13','2020-02-18 23:24:59'),(235,235,29,1,59,3887,'2012-07-18 02:55:07','2020-02-18 23:24:59'),(236,236,1,2,10,5358,'1985-03-27 09:38:03','2020-02-18 23:24:59'),(237,237,13,1,76,11310,'2011-09-17 18:10:20','2020-02-18 23:24:59'),(238,238,15,2,48,14350,'2000-04-15 18:58:18','2020-02-18 23:24:59'),(239,239,24,1,14,9438,'2018-08-29 05:11:15','2020-02-18 23:24:59'),(240,240,6,2,23,11775,'2008-05-15 10:50:41','2020-02-18 23:24:59'),(241,241,16,1,72,14548,'1993-07-31 22:53:27','2020-02-18 23:24:59'),(242,242,3,2,89,12284,'1973-03-11 05:32:14','2020-02-18 23:24:59'),(243,243,22,1,31,8987,'1983-03-07 04:09:15','2020-02-18 23:24:59'),(244,244,33,2,86,12651,'1999-12-20 18:16:01','2020-02-18 23:24:59'),(245,245,31,1,38,2374,'1973-01-02 07:26:04','2020-02-18 23:24:59'),(246,246,6,2,32,4425,'1979-12-22 10:59:49','2020-02-18 23:24:59'),(247,247,28,1,44,1895,'2015-09-09 08:43:44','2020-02-18 23:24:59'),(248,248,33,2,24,9299,'1977-04-22 04:26:39','2020-02-18 23:24:59'),(249,249,7,1,87,9171,'2017-02-19 05:15:07','2020-02-18 23:24:59'),(250,250,1,2,62,4230,'2019-06-22 11:21:21','2020-02-18 23:24:59'),(251,251,10,1,51,12737,'1987-03-19 17:28:53','1989-08-21 07:30:36'),(252,252,15,2,65,5202,'2011-12-09 08:18:37','2020-02-18 23:24:59'),(253,253,31,1,74,13776,'1984-11-15 01:47:09','2020-02-18 23:24:59'),(254,254,20,2,74,3680,'1977-12-05 04:59:18','2020-02-18 23:24:59'),(255,255,34,1,48,1861,'1997-12-05 13:30:33','2020-02-18 23:24:59'),(256,256,6,2,18,7266,'1995-06-09 17:42:32','2020-02-18 23:24:59'),(257,257,23,1,44,9228,'2012-07-29 16:48:26','2020-02-18 23:24:59'),(258,258,26,2,67,12855,'2003-07-21 23:43:37','2020-02-18 23:24:59'),(259,259,4,1,1,8871,'2004-06-01 23:00:31','2020-02-18 23:24:59'),(260,260,13,2,4,9168,'1997-01-15 14:44:01','2020-02-18 23:24:59'),(261,261,33,1,18,13664,'1975-04-22 18:02:03','2020-02-18 23:24:59'),(262,262,32,2,77,3719,'1997-05-19 01:13:25','2020-02-18 23:24:59'),(263,263,34,1,32,5472,'1981-10-11 14:34:46','2020-02-18 23:24:59'),(264,264,16,2,28,7030,'2015-04-02 20:47:22','2020-02-18 23:24:59'),(265,265,1,1,43,6347,'1974-08-25 18:12:12','2020-02-18 23:24:59'),(266,266,7,2,32,13540,'2003-02-02 20:33:21','2020-02-18 23:24:59'),(267,267,16,1,28,9526,'1982-08-23 20:35:09','2020-02-18 23:24:59'),(268,268,13,2,44,7840,'1998-10-12 14:39:00','2020-02-18 23:24:59'),(269,269,20,1,36,7575,'1993-08-31 05:03:53','2020-02-18 23:24:59'),(270,270,27,2,46,7564,'1973-12-29 19:03:46','2020-02-18 23:24:59'),(271,271,22,1,22,12373,'1976-01-25 06:06:49','2020-02-18 23:24:59'),(272,272,7,2,70,2267,'1978-01-05 13:58:25','2020-02-18 23:24:59'),(273,273,35,1,85,9628,'1985-11-04 04:36:10','2020-02-18 23:24:59'),(274,274,29,2,15,1335,'2016-11-13 09:11:54','2020-02-18 23:24:59'),(275,275,13,1,19,2023,'1978-10-04 03:24:06','2020-02-18 23:24:59'),(276,276,11,2,49,11146,'1978-01-04 14:35:44','2020-02-18 23:24:59'),(277,277,32,1,89,7675,'2009-03-04 19:00:13','2020-02-18 23:24:59'),(278,278,14,2,97,4435,'1990-05-11 18:34:05','2020-02-18 23:24:59'),(279,279,29,1,16,8450,'1985-06-09 17:45:31','2020-02-18 23:24:59'),(280,280,22,2,91,7867,'2011-07-06 09:00:16','2020-02-18 23:24:59'),(281,281,8,1,7,312,'2003-07-11 10:58:50','2020-02-18 23:24:59'),(282,282,23,2,62,3923,'1980-08-18 01:03:02','2020-02-18 23:24:59'),(283,283,19,1,88,8413,'1996-08-10 03:18:05','2020-02-18 23:24:59'),(284,284,3,2,52,10455,'2009-12-03 05:08:47','2020-02-18 23:24:59'),(285,285,9,1,96,9615,'1997-11-23 13:08:05','2020-02-18 23:24:59'),(286,286,4,2,24,6650,'2004-07-18 01:33:51','2020-02-18 23:24:59'),(287,287,9,1,33,5982,'1997-06-25 04:04:38','2020-02-18 23:24:59'),(288,288,3,2,90,4372,'2018-06-11 17:02:30','2020-02-18 23:24:59'),(289,289,35,1,52,6591,'1990-02-13 14:01:55','2020-02-18 23:24:59'),(290,290,17,2,90,13262,'2018-03-01 21:22:41','2018-03-01 21:22:41'),(291,291,24,1,95,14810,'2013-01-07 16:53:06','2020-02-18 23:24:59'),(292,292,4,2,1,6444,'2018-01-28 04:37:13','2020-02-18 23:24:59'),(293,293,12,1,21,6329,'1998-02-27 07:08:03','2020-02-18 23:24:59'),(294,294,30,2,3,12660,'1987-12-06 00:34:08','2020-02-18 23:24:59'),(295,295,5,1,49,14460,'1981-05-29 10:31:56','2020-02-18 23:24:59'),(296,296,28,2,37,13730,'2009-09-25 06:20:12','2020-02-18 23:24:59'),(297,297,34,1,35,8576,'1979-04-18 18:24:25','2020-02-18 23:24:59'),(298,298,35,2,65,8765,'1988-10-09 06:57:41','2020-02-18 23:24:59'),(299,299,8,1,19,8489,'1972-03-24 05:07:23','2020-02-18 23:24:59'),(300,300,35,2,2,4825,'1991-11-27 00:58:50','2020-02-18 23:24:59');
/*!40000 ALTER TABLE `profiles` ENABLE KEYS */;
UNLOCK TABLES;

--
-- Table structure for table `user_privilegies`
--

DROP TABLE IF EXISTS `user_privilegies`;
/*!40101 SET @saved_cs_client     = @@character_set_client */;
/*!40101 SET character_set_client = utf8 */;
CREATE TABLE `user_privilegies` (
  `id` int(10) unsigned NOT NULL AUTO_INCREMENT,
  `name` varchar(255) NOT NULL COMMENT 'Название привилегии',
  `created_at` datetime DEFAULT CURRENT_TIMESTAMP,
  `updated_at` datetime DEFAULT CURRENT_TIMESTAMP ON UPDATE CURRENT_TIMESTAMP,
  PRIMARY KEY (`id`)
) ENGINE=InnoDB AUTO_INCREMENT=3 DEFAULT CHARSET=utf8 COMMENT='Список привилегий';
/*!40101 SET character_set_client = @saved_cs_client */;

--
-- Dumping data for table `user_privilegies`
--

LOCK TABLES `user_privilegies` WRITE;
/*!40000 ALTER TABLE `user_privilegies` DISABLE KEYS */;
INSERT INTO `user_privilegies` VALUES (1,'Regular customer','2020-02-18 21:52:37','2020-02-18 21:52:37'),(2,'Vip customer','2020-02-18 21:52:37','2020-02-18 21:52:37');
/*!40000 ALTER TABLE `user_privilegies` ENABLE KEYS */;
UNLOCK TABLES;

--
-- Table structure for table `users`
--

DROP TABLE IF EXISTS `users`;
/*!40101 SET @saved_cs_client     = @@character_set_client */;
/*!40101 SET character_set_client = utf8 */;
CREATE TABLE `users` (
  `id` int(10) unsigned NOT NULL AUTO_INCREMENT,
  `first_name` varchar(255) DEFAULT NULL COMMENT 'Имя',
  `last_name` varchar(255) DEFAULT NULL COMMENT 'Фамилия',
  `phone_number` varchar(255) DEFAULT NULL COMMENT 'Телефон',
  `birthday_at` date DEFAULT NULL COMMENT 'Дата рождения',
  `sex` varchar(10) DEFAULT NULL COMMENT 'Пол',
  `email` varchar(255) NOT NULL COMMENT 'Электронная почта',
  `city_id` int(10) unsigned NOT NULL COMMENT 'Город проживания',
  `archived` tinyint(1) DEFAULT '0' COMMENT 'Удален ли пользователь',
  `created_at` datetime DEFAULT CURRENT_TIMESTAMP,
  `updated_at` datetime DEFAULT CURRENT_TIMESTAMP ON UPDATE CURRENT_TIMESTAMP,
  PRIMARY KEY (`id`),
  UNIQUE KEY `email` (`email`),
  UNIQUE KEY `users_email_uq` (`email`),
  KEY `users_city_id_fk` (`city_id`),
  KEY `users_last_name_first_name_idx` (`last_name`,`first_name`),
  CONSTRAINT `users_city_id_fk` FOREIGN KEY (`city_id`) REFERENCES `cities` (`id`)
) ENGINE=InnoDB AUTO_INCREMENT=301 DEFAULT CHARSET=utf8 COMMENT='Покупатели';
/*!40101 SET character_set_client = @saved_cs_client */;

--
-- Dumping data for table `users`
--

LOCK TABLES `users` WRITE;
/*!40000 ALTER TABLE `users` DISABLE KEYS */;
INSERT INTO `users` VALUES (1,'Arvid','Harvey','1-802-983-9632x497','1985-02-13','m','qrippin@example.com',1,0,'2009-06-02 13:26:33','2020-02-19 00:04:20'),(2,'Hildegard','Bogisich','628.059.5179','2006-01-06','m','svandervort@example.net',2,1,'2017-02-23 11:45:33','2020-02-19 00:04:20'),(3,'Dewayne','Abshire','872.140.4692x1583','1997-05-28','m','beatty.uriah@example.com',3,1,'2001-01-15 14:30:58','2020-02-19 00:03:50'),(4,'Terry','Fahey','(429)376-9533','1976-05-22','m','kirlin.ottis@example.com',4,0,'2003-05-07 17:24:16','2020-02-19 00:03:50'),(5,'Kennedy','Orn','528.648.5523x3946','2012-01-09','f','bhagenes@example.net',5,0,'2010-09-01 05:15:06','2020-02-19 00:04:20'),(6,'Ansel','Moore','+74(6)8273803210','2009-05-31','f','williamson.anna@example.net',6,0,'1993-05-20 10:33:44','2020-02-19 00:04:20'),(7,'Orland','Zieme','1-702-513-8226','1987-11-17','m','iruecker@example.net',7,1,'2012-06-05 12:29:16','2020-02-19 00:03:50'),(8,'Betty','Jenkins','046.879.7002x20206','2013-09-06','m','rowe.nils@example.org',8,0,'1988-10-18 03:02:36','2020-02-19 00:03:50'),(9,'Zane','Wisoky','717.427.4547x7182','2001-03-08','m','abigale.hettinger@example.net',9,1,'2002-10-05 00:40:42','2020-02-19 00:04:20'),(10,'Orval','Kshlerin','+28(9)0186903756','2015-07-02','m','dante.harris@example.com',10,0,'1996-05-02 22:46:33','2020-02-19 00:03:50'),(11,'Nelson','Considine','065-180-9105x69467','1998-05-11','m','kayley.ward@example.net',11,1,'2015-01-19 15:31:44','2020-02-19 00:03:50'),(12,'Nicklaus','Smitham','1-894-459-2064x620','2017-09-09','f','amely59@example.com',12,0,'1987-10-12 18:37:10','2020-02-19 00:04:20'),(13,'Kenyon','Brakus','1-185-700-1295','1971-12-16','f','wolf.roosevelt@example.org',13,1,'1971-11-27 18:00:21','2020-02-19 00:04:20'),(14,'Dianna','Kirlin','1-419-854-2537x6103','1971-07-24','f','joesph00@example.org',14,1,'1985-07-02 07:53:33','2020-02-19 00:04:20'),(15,'Vince','Robel','(967)504-2444','2000-12-22','m','elmo.cronin@example.com',15,0,'1974-05-05 13:28:57','2020-02-19 00:03:50'),(16,'Elda','Nikolaus','873-520-0440','2009-04-17','f','amie.o\'kon@example.net',16,1,'1970-01-16 05:06:07','2020-02-19 00:04:20'),(17,'Lionel','Hodkiewicz','850-238-0822x6131','2006-11-11','f','xvonrueden@example.net',17,1,'1995-05-14 04:29:57','2020-02-19 00:04:20'),(18,'Larue','Bailey','(471)124-0927','1987-01-25','f','joy.hane@example.com',18,1,'1988-11-06 00:26:54','2020-02-19 00:04:20'),(19,'Noemie','Runolfsson','929-623-0573x427','2004-06-19','m','clemens.feeney@example.org',19,0,'2002-12-30 13:50:34','2020-02-19 00:04:20'),(20,'Noble','Parker','(036)365-9792x13420','1996-01-30','m','osinski.luella@example.net',20,1,'2003-07-11 14:06:56','2020-02-19 00:04:20'),(21,'Hilda','Strosin','1-032-345-1270','1971-02-05','f','mavis38@example.com',1,1,'2011-03-12 23:59:02','2020-02-19 00:04:20'),(22,'Rosanna','Williamson','680.886.2624x92297','1995-03-27','m','odibbert@example.com',2,0,'1988-06-03 19:58:32','2020-02-19 00:03:50'),(23,'Maiya','Orn','+63(1)3707507873','1984-04-11','f','krajcik.orland@example.org',3,0,'1977-12-19 06:36:12','2020-02-19 00:04:20'),(24,'Sharon','Schaden','525-844-0699x292','2002-04-17','f','considine.darian@example.com',4,0,'1990-09-19 10:49:39','2020-02-19 00:04:20'),(25,'Kasandra','Cruickshank','438.557.5203','2012-06-21','f','jany.wolf@example.org',5,0,'2013-09-07 08:43:21','2020-02-19 00:04:20'),(26,'Chyna','Feil','776.288.6062','2018-05-20','m','ujacobson@example.com',6,0,'2014-07-23 13:34:36','2020-02-19 00:04:20'),(27,'Shakira','Davis','+17(1)0491299207','2014-03-01','f','abdul.thompson@example.net',7,0,'1996-08-30 22:42:23','2020-02-19 00:04:20'),(28,'Kiel','Fay','(581)714-3470','1972-06-24','f','rfranecki@example.org',8,0,'1975-02-10 13:45:22','2020-02-19 00:04:20'),(29,'Bryon','Rodriguez','06166742726','2010-05-18','f','spencer.kattie@example.net',9,1,'2018-08-08 14:39:24','2020-02-19 00:04:20'),(30,'Marcelina','Hodkiewicz','031-422-4738','1978-12-08','f','josianne.sawayn@example.org',10,0,'1994-08-11 06:53:28','2020-02-19 00:04:20'),(31,'Timmothy','Welch','684-574-8506','2015-09-25','f','padberg.don@example.net',11,0,'2000-07-05 01:45:49','2020-02-19 00:04:20'),(32,'Haleigh','Medhurst','03561387739','2012-12-13','m','aniya.gottlieb@example.net',12,1,'1990-06-02 10:08:57','2020-02-19 00:03:50'),(33,'Marcos','Heidenreich','04540864298','1978-01-15','f','mante.rubie@example.net',13,0,'1992-09-09 17:38:16','2020-02-19 00:04:20'),(34,'Therese','Stroman','815.992.0484x663','1980-06-16','m','else21@example.com',14,1,'2008-01-19 20:27:39','2020-02-19 00:04:20'),(35,'Autumn','Conroy','198-678-0562x6798','2001-08-27','f','newton86@example.com',15,0,'2005-05-31 09:19:46','2020-02-19 00:04:20'),(36,'Vicky','Moore','(347)451-1312x8002','2015-11-15','f','waters.casimer@example.org',16,0,'2016-11-12 10:05:25','2020-02-19 00:04:20'),(37,'Dawson','Konopelski','(184)763-9406x12232','2019-09-21','f','ghudson@example.com',17,1,'2011-02-23 06:51:51','2020-02-19 00:04:20'),(38,'Flo','Cartwright','01938439989','1993-05-23','m','eli.homenick@example.com',18,0,'2014-07-01 09:07:28','2020-02-19 00:04:20'),(39,'Kenyon','Hilll','243.339.8483x42351','2007-10-26','m','vada.lesch@example.net',19,0,'1998-08-15 12:25:05','2020-02-19 00:03:50'),(40,'Garett','Stiedemann','+76(3)4255445796','2009-07-01','f','weimann.joesph@example.net',20,1,'1990-07-12 19:04:25','2020-02-19 00:04:20'),(41,'Darrel','Smitham','+61(3)4555463986','2016-04-23','f','larson.enrique@example.com',1,0,'1983-09-15 00:18:21','2020-02-19 00:04:20'),(42,'Johathan','Pfannerstill','03660497871','2010-09-18','m','parker.cleve@example.org',2,0,'1986-12-31 23:36:19','2020-02-19 00:03:50'),(43,'Angela','Robel','(860)231-7768x17342','1986-08-19','m','mraz.tillman@example.org',3,0,'2015-01-19 05:11:39','2020-02-19 00:04:20'),(44,'Angelica','Braun','370.056.5971x2798','2017-05-02','f','heaney.chance@example.org',4,0,'2007-02-11 04:58:47','2020-02-19 00:04:20'),(45,'Claude','Bauch','446-350-5035x415','2008-01-17','m','rohan.maymie@example.com',5,0,'2015-04-11 21:46:13','2020-02-19 00:03:50'),(46,'Robyn','Von','119.697.3692x9537','1979-07-20','m','henry78@example.com',6,0,'1999-12-20 08:15:55','2020-02-19 00:03:50'),(47,'Esperanza','Barrows','471-767-8304','1984-09-09','f','zjast@example.org',7,1,'1976-08-05 11:34:10','2020-02-19 00:04:20'),(48,'Susanna','Braun','(400)163-5994x0677','2014-09-03','m','shawna.bahringer@example.net',8,1,'1973-04-19 09:01:28','2020-02-19 00:03:50'),(49,'Erica','Tremblay','847.089.4301','1991-11-24','m','barrows.naomi@example.org',9,0,'2006-01-11 09:08:59','2020-02-19 00:04:20'),(50,'Abigayle','Roob','052.342.9967x145','2004-04-21','m','earlene.kub@example.net',10,1,'2017-07-13 08:22:59','2020-02-19 00:03:50'),(51,'Keira','Gutmann','551-211-6248x464','1978-11-06','f','cfeeney@example.org',11,0,'1993-07-16 19:38:41','2020-02-19 00:04:20'),(52,'Alayna','Ritchie','08066822944','2012-04-08','m','spouros@example.net',12,0,'1997-12-22 01:42:43','2020-02-19 00:04:20'),(53,'Gerhard','Schimmel','(143)213-0948x732','1998-12-18','m','bartoletti.rachael@example.org',13,1,'1986-10-05 19:31:06','2020-02-19 00:04:20'),(54,'Bryana','Hills','1-027-951-9883x386','1990-05-18','m','ubins@example.com',14,1,'1977-07-24 20:45:11','2020-02-19 00:03:50'),(55,'Micah','Jerde','996.927.9163x1854','1994-06-02','m','veronica.gerhold@example.com',15,1,'2005-03-30 03:39:51','2020-02-19 00:03:50'),(56,'Roxane','Hackett','665-172-4382x40946','2019-01-08','m','patricia80@example.org',16,0,'1985-07-30 04:42:26','2020-02-19 00:03:50'),(57,'Zakary','Upton','(701)198-8126x74348','1986-05-04','m','ujenkins@example.net',17,0,'2009-08-28 16:51:05','2020-02-19 00:03:50'),(58,'Austen','Sauer','931-299-2937','1983-07-22','m','ygibson@example.com',18,0,'1972-05-07 19:17:01','2020-02-19 00:04:20'),(59,'Kraig','Quitzon','893.501.3306x1284','1975-05-28','m','weimann.lesly@example.org',19,1,'1992-08-15 13:51:23','2020-02-19 00:04:20'),(60,'Jacklyn','Botsford','1-540-967-0486x7424','1980-01-28','m','aimee.harris@example.org',20,0,'2014-02-06 09:31:51','2020-02-19 00:03:50'),(61,'Charles','Haley','(117)054-4973','2015-01-30','f','green.kaelyn@example.org',1,0,'2001-11-27 22:48:19','2020-02-19 00:04:20'),(62,'Kamille','Bailey','+15(8)4329443852','1979-04-21','m','antonia.satterfield@example.com',2,0,'2013-11-28 21:39:17','2020-02-19 00:04:20'),(63,'Rollin','Daugherty','09482001194','2017-10-08','f','caitlyn.schroeder@example.net',3,1,'1978-06-15 07:37:29','2020-02-19 00:04:20'),(64,'Faustino','Hettinger','114-737-4508x6333','2007-03-28','m','umurphy@example.com',4,0,'2011-11-19 22:52:52','2020-02-19 00:04:20'),(65,'Fiona','Kihn','(575)738-5748','1999-12-29','f','hackett.vickie@example.net',5,1,'1993-03-01 17:39:32','2020-02-19 00:04:20'),(66,'Orin','Wilkinson','(946)364-3909x5495','1978-12-18','m','cmaggio@example.com',6,0,'1987-06-05 20:07:31','2020-02-19 00:03:50'),(67,'Rita','Corkery','+92(6)2738657643','2014-12-06','m','goldner.ashleigh@example.org',7,0,'1986-07-29 01:06:40','2020-02-19 00:04:20'),(68,'Dorothy','Crooks','922-761-4698x36728','1972-06-08','m','ukilback@example.org',8,0,'1981-02-21 21:56:10','2020-02-19 00:03:50'),(69,'Magnus','Okuneva','207.001.7920x90916','1984-02-05','f','crippin@example.net',9,1,'2016-07-03 21:04:09','2020-02-19 00:04:20'),(70,'Julio','Homenick','324-300-6273x801','2007-10-20','f','akertzmann@example.com',10,0,'1997-02-03 01:43:41','2020-02-19 00:04:20'),(71,'Katheryn','Russel','01365607749','2019-12-13','m','simone.jaskolski@example.org',11,1,'1994-03-21 12:34:33','2020-02-19 00:03:50'),(72,'Larissa','Schiller','(470)346-0126','1976-12-27','m','bode.sterling@example.net',12,1,'1974-03-08 20:13:14','2020-02-19 00:04:20'),(73,'Matilde','Johns','1-665-922-6986x7089','2010-07-23','m','thompson.noemi@example.net',13,0,'2013-08-10 10:55:53','2020-02-19 00:03:50'),(74,'Cecelia','Ortiz','965-282-0987x66711','2001-09-29','f','toni30@example.net',14,0,'2019-07-17 10:20:59','2020-02-19 00:04:20'),(75,'Justyn','Hills','922-521-9644x4057','2004-05-12','m','bertha.altenwerth@example.net',15,1,'2009-06-12 00:56:44','2020-02-19 00:03:50'),(76,'Gaston','Schinner','1-731-318-6380x6027','1978-05-07','m','hbernhard@example.org',16,0,'1977-12-25 09:15:33','2020-02-19 00:03:50'),(77,'Kristoffer','Becker','06542174549','2008-09-08','f','zmoen@example.net',17,1,'1999-08-25 01:52:28','2020-02-19 00:04:20'),(78,'Thomas','Grant','06169691622','1974-02-24','f','rau.jada@example.net',18,1,'1989-02-20 07:00:58','2020-02-19 00:04:20'),(79,'Berta','Haag','1-756-508-3590x287','1984-11-24','f','sabina.mante@example.org',19,0,'1977-12-15 08:56:15','2020-02-19 00:04:20'),(80,'Lacey','Hyatt','(157)285-4687','1979-02-07','f','einar48@example.com',20,1,'1993-01-06 12:20:41','2020-02-19 00:04:20'),(81,'Sandy','Schiller','+93(2)5721612208','2020-01-14','f','hand.ocie@example.net',1,0,'1988-09-30 21:15:01','2020-02-19 00:04:20'),(82,'Tressa','Cummings','658-659-0110x249','1976-07-19','f','leila26@example.org',2,0,'1985-03-25 07:01:34','2020-02-19 00:04:20'),(83,'Delpha','Pfannerstill','1-141-439-1440x5715','1981-02-02','m','hellen58@example.org',3,0,'1996-01-20 04:44:29','2020-02-19 00:04:20'),(84,'Alek','Bernhard','263.322.2504','1971-08-06','m','mathias.cruickshank@example.com',4,0,'1985-09-29 22:44:42','2020-02-19 00:03:50'),(85,'Caesar','Morar','542-750-1050','2016-05-18','m','grady.natalie@example.com',5,1,'1989-08-16 11:59:38','2020-02-19 00:04:20'),(86,'Kenna','Dibbert','03766029805','2000-02-20','m','izabella21@example.net',6,0,'1984-01-16 20:05:24','2020-02-19 00:03:50'),(87,'Daron','Wiegand','1-713-971-3278x55901','2013-05-07','f','karli89@example.com',7,0,'2007-08-07 20:27:31','2020-02-19 00:04:20'),(88,'Katharina','Grant','04055453105','2007-07-23','f','freddy94@example.net',8,1,'1975-07-23 01:41:54','2020-02-19 00:04:20'),(89,'Estell','Corkery','1-073-328-0573','2012-08-11','m','vprohaska@example.org',9,1,'2010-06-12 10:52:52','2020-02-19 00:03:50'),(90,'Autumn','DuBuque','(942)417-0620x862','2015-10-29','f','zchamplin@example.org',10,0,'2011-09-28 00:16:13','2020-02-19 00:04:20'),(91,'Elody','Rau','(893)189-2733','1983-05-21','m','elenora21@example.org',11,1,'1980-11-06 14:11:23','2020-02-19 00:04:20'),(92,'Devin','Hahn','529-369-7650x75647','2018-02-09','f','qo\'reilly@example.com',12,1,'1972-07-10 07:32:52','2020-02-19 00:04:20'),(93,'Rachel','Douglas','545.279.0032x492','2000-03-21','f','heloise48@example.net',13,1,'2004-06-13 12:18:26','2020-02-19 00:04:20'),(94,'Maudie','Larson','1-264-227-8138x233','1993-08-31','f','bill.ledner@example.com',14,0,'1972-04-01 19:22:26','2020-02-19 00:04:20'),(95,'Zackery','Bergstrom','008-401-1047','2013-05-23','m','reynold.breitenberg@example.net',15,1,'1992-03-11 00:42:46','2020-02-19 00:03:50'),(96,'Alva','Blick','1-499-237-6407','2019-07-24','f','helga88@example.com',16,0,'1980-12-30 00:09:13','2020-02-19 00:04:20'),(97,'Ebony','Morar','(413)596-7095','1994-01-09','m','howe.kody@example.org',17,1,'2014-08-05 16:37:01','2020-02-19 00:03:50'),(98,'Joannie','Cartwright','489-243-6025','1993-07-27','f','isadore26@example.org',18,1,'2000-10-30 12:57:21','2020-02-19 00:04:20'),(99,'Kade','Bogan','(891)205-4974x0958','1972-10-28','m','cary09@example.org',19,0,'1987-12-17 12:22:52','2020-02-19 00:04:20'),(100,'Emory','Lebsack','835-275-5864x439','2014-06-21','m','zulauf.lenore@example.net',20,0,'1982-04-08 01:47:03','2020-02-19 00:03:50'),(101,'Lavada','Shanahan','966-170-7532x63364','2009-04-11','m','salvatore.mosciski@example.org',1,0,'1979-10-05 20:23:06','2020-02-19 00:04:20'),(102,'Karlie','Gerhold','1-928-793-9027','2008-06-24','m','lockman.victoria@example.org',2,0,'1990-02-21 05:43:06','2020-02-19 00:03:50'),(103,'Lydia','Graham','608-385-8375','1974-12-19','f','hwhite@example.com',3,1,'1979-11-01 00:52:05','2020-02-19 00:04:20'),(104,'Stacy','Schneider','940.734.2637','2008-10-12','f','bailey.aditya@example.net',4,0,'1994-11-13 05:26:42','2020-02-19 00:04:20'),(105,'Lisa','Ritchie','1-170-284-1209','1985-08-25','m','heaney.laurel@example.com',5,1,'1971-01-15 01:49:07','2020-02-19 00:03:50'),(106,'Delia','Glover','1-510-395-2804','1990-12-14','m','gwendolyn60@example.org',6,1,'1984-02-10 12:56:25','2020-02-19 00:04:20'),(107,'Elias','Powlowski','398.355.8376x7371','1985-01-19','m','o\'keefe.molly@example.net',7,0,'2003-10-24 17:26:36','2020-02-19 00:03:50'),(108,'Otto','Hintz','314.965.7556','2018-06-09','f','qlindgren@example.com',8,0,'1990-05-31 12:01:35','2020-02-19 00:04:20'),(109,'Omer','Greenfelder','853.436.2157','2018-05-14','m','leffler.jaunita@example.net',9,1,'1970-12-15 23:24:34','2020-02-19 00:03:50'),(110,'Camren','Langosh','418-263-4106','2006-06-25','m','carson44@example.org',10,0,'2015-02-23 19:28:10','2020-02-19 00:04:20'),(111,'Claude','Swaniawski','627-476-7634x64771','1994-09-18','m','aufderhar.annalise@example.org',11,0,'1981-08-25 07:54:34','2020-02-19 00:04:20'),(112,'Kristin','McGlynn','608-239-6769','1984-06-24','m','aisha.kozey@example.net',12,0,'1976-12-19 18:25:33','2020-02-19 00:04:20'),(113,'Myrtle','Parisian','+23(5)1755897178','1990-04-13','m','gturcotte@example.com',13,1,'2004-07-27 23:13:40','2020-02-19 00:04:20'),(114,'Pascale','Bergnaum','154.620.2271x3827','2014-06-07','f','ryleigh.o\'reilly@example.org',14,1,'2018-02-13 07:04:57','2020-02-19 00:04:20'),(115,'Meda','Davis','+79(7)3401251652','1977-05-12','f','drutherford@example.net',15,0,'2013-11-05 02:42:08','2020-02-19 00:04:20'),(116,'Ashleigh','O\'Hara','(276)976-7936x2477','1980-09-16','f','towne.kaleb@example.com',16,1,'2014-06-10 16:32:24','2020-02-19 00:04:20'),(117,'Carissa','Zemlak','1-241-444-8369x839','1988-06-03','f','jensen.zieme@example.org',17,1,'1971-08-21 19:19:25','2020-02-19 00:04:20'),(118,'Dusty','Tillman','418.314.0570x386','2004-08-10','m','asha.kub@example.com',18,1,'1986-10-31 12:23:36','2020-02-19 00:03:50'),(119,'Amya','Durgan','+38(7)4707982301','2015-08-25','m','beahan.christophe@example.org',19,0,'1980-09-15 02:02:12','2020-02-19 00:03:50'),(120,'Zella','Mohr','+37(5)0441260068','1975-03-07','m','earnestine40@example.com',20,1,'2011-04-17 18:21:20','2020-02-19 00:03:50'),(121,'Marlen','Hickle','297-989-1916x686','1980-01-09','m','eliseo.casper@example.org',1,0,'2003-10-22 06:21:46','2020-02-19 00:03:50'),(122,'Cicero','Mohr','(795)666-4610','1972-07-28','m','hector.reinger@example.com',2,1,'2005-09-17 13:00:06','2020-02-19 00:03:50'),(123,'Laron','Conroy','098.102.1756x850','1996-01-01','m','ashly.kreiger@example.org',3,0,'1985-08-29 16:13:13','2020-02-19 00:04:20'),(124,'Ricardo','Stanton','(541)319-8461x30908','2010-06-25','f','ustanton@example.org',4,1,'1975-08-23 00:41:43','2020-02-19 00:04:20'),(125,'Grace','Anderson','586-825-3282x12342','2008-05-31','f','sboyer@example.org',5,0,'2012-08-03 21:27:14','2020-02-19 00:04:20'),(126,'Dario','Cummings','1-543-034-5374','1989-01-03','f','jeromy.leannon@example.com',6,1,'1970-09-12 22:07:19','2020-02-19 00:04:20'),(127,'Annabel','Bartell','1-993-635-3738x96507','1987-12-09','f','lavada.ankunding@example.com',7,0,'1992-10-11 01:37:57','2020-02-19 00:04:20'),(128,'Wilford','Parker','1-764-346-0948x8649','2017-01-19','m','ida.shanahan@example.org',8,1,'1998-01-03 05:51:23','2020-02-19 00:04:20'),(129,'Jacky','Goyette','060.358.1621','1984-12-25','m','jakob.murray@example.net',9,0,'1987-12-31 14:27:55','2020-02-19 00:04:20'),(130,'Santino','Leuschke','02848531576','1983-04-02','m','vernie.mayer@example.net',10,0,'1994-01-27 15:15:58','2020-02-19 00:04:20'),(131,'Tracey','Roob','1-557-383-5649x920','1973-06-03','m','moore.sean@example.org',11,0,'1987-01-20 18:44:25','2020-02-19 00:04:20'),(132,'Ofelia','Aufderhar','1-576-617-8320x536','1973-01-30','f','rbins@example.com',12,1,'2007-06-09 19:38:53','2020-02-19 00:04:20'),(133,'Madisen','Greenholt','396.403.4500','2016-09-24','m','dach.alejandra@example.org',13,1,'1979-11-03 22:17:41','2020-02-19 00:04:20'),(134,'Gavin','Lindgren','(359)616-9343x8261','1987-08-19','f','jaylon.fisher@example.net',14,1,'2006-12-20 07:41:44','2020-02-19 00:04:20'),(135,'Sadye','Casper','683-095-5172','1995-04-27','f','wdoyle@example.net',15,1,'2018-08-08 07:32:41','2020-02-19 00:04:20'),(136,'Emmanuelle','Smith','(298)230-0597','2009-05-09','m','bayer.alverta@example.com',16,1,'2001-10-15 06:43:58','2020-02-19 00:04:20'),(137,'Chadd','Wunsch','04548130127','1970-07-14','f','osvaldo.wisoky@example.org',17,1,'1985-02-17 14:45:38','2020-02-19 00:04:20'),(138,'Hellen','Greenfelder','1-056-497-9454x238','1999-09-26','f','sarina50@example.org',18,1,'2019-03-29 17:32:58','2020-02-19 00:04:20'),(139,'Gabriel','Hudson','470-607-6607x194','1973-06-24','m','madge78@example.net',19,1,'1977-12-03 02:48:36','2020-02-19 00:03:50'),(140,'Gretchen','Jones','(805)905-5400x081','1976-04-03','f','kuvalis.pascale@example.org',20,1,'1977-06-16 22:27:32','2020-02-19 00:04:20'),(141,'Ruthe','Sipes','216-365-7546x3499','2000-01-03','f','mayert.garrison@example.com',1,0,'2003-07-02 13:06:04','2020-02-19 00:04:20'),(142,'Doug','Morissette','07854905292','2019-01-17','m','tomas.bins@example.com',2,0,'1985-02-18 12:01:50','2020-02-19 00:03:50'),(143,'Salvatore','Leuschke','1-206-461-8849','1993-06-21','f','kdietrich@example.com',3,1,'1994-03-04 19:11:46','2020-02-19 00:04:20'),(144,'Anya','Schuster','1-421-640-3094','2001-11-07','f','fbeier@example.com',4,0,'2000-10-11 20:39:47','2020-02-19 00:04:20'),(145,'Vance','Reilly','1-739-342-2769','1973-05-23','f','tito60@example.org',5,1,'2005-07-17 19:01:48','2020-02-19 00:04:20'),(146,'Imogene','Wehner','(276)673-2420','2007-09-14','f','sid57@example.com',6,0,'1987-08-02 11:34:24','2020-02-19 00:04:20'),(147,'Lane','Yundt','+94(7)5638896899','1996-05-07','f','michale.nienow@example.net',7,1,'2010-10-13 02:32:33','2020-02-19 00:04:20'),(148,'Dorthy','Wisoky','1-570-052-5096x6891','1992-06-13','m','fstamm@example.org',8,0,'2011-02-12 02:43:44','2020-02-19 00:04:20'),(149,'Haskell','Corwin','1-601-786-0525','2016-06-09','m','natalie.kessler@example.org',9,1,'1975-06-30 03:20:40','2020-02-19 00:03:50'),(150,'Alycia','Hansen','714.267.4122x7933','2002-08-22','f','shanahan.domenico@example.org',10,1,'2000-01-09 03:04:24','2020-02-19 00:04:20'),(151,'Liliane','Durgan','701-308-9295','1983-06-12','f','quinten.lang@example.org',11,1,'2004-01-23 11:49:47','2020-02-19 00:04:20'),(152,'Ana','Schmidt','(340)958-1710x1451','2007-09-25','f','eda.o\'kon@example.org',12,1,'1985-06-08 22:35:07','2020-02-19 00:04:20'),(153,'Hershel','Rutherford','003.275.4934x87597','1981-03-24','m','qschoen@example.net',13,1,'2016-09-09 19:56:01','2020-02-19 00:04:20'),(154,'Laura','Willms','772.693.4290x5513','2010-11-14','f','zieme.reina@example.org',14,0,'1979-07-26 15:10:41','2020-02-19 00:04:20'),(155,'Melody','Connelly','06132881463','1978-06-15','f','judah03@example.org',15,1,'1991-04-16 21:19:52','2020-02-19 00:04:20'),(156,'Rose','Keebler','1-731-677-1823x94866','2018-06-01','m','meredith.hamill@example.org',16,0,'2008-03-09 23:30:31','2020-02-19 00:03:50'),(157,'Trever','Rogahn','(515)018-3139x90385','1986-11-03','f','mariano28@example.net',17,1,'1973-03-23 07:48:12','2020-02-19 00:04:20'),(158,'Myron','Kulas','(978)475-2949x97267','2003-05-17','m','schoen.okey@example.com',18,0,'2015-03-29 10:01:34','2020-02-19 00:03:50'),(159,'Zita','Hudson','03373867048','2003-01-22','f','cward@example.org',19,0,'1970-08-13 11:43:31','2020-02-19 00:04:20'),(160,'Callie','Klocko','+30(9)9816963027','1982-01-21','f','kaylie71@example.net',20,0,'1999-05-16 06:42:26','2020-02-19 00:04:20'),(161,'Everardo','Durgan','03325528255','1978-02-28','f','evans.stark@example.net',1,0,'1975-10-02 00:02:13','2020-02-19 00:04:20'),(162,'Branson','Pacocha','272-395-4966','1980-12-16','f','zkoch@example.org',2,1,'2007-01-04 21:26:40','2020-02-19 00:04:20'),(163,'Maci','Wiegand','1-457-506-3876x992','1971-09-14','f','torphy.luna@example.com',3,0,'2017-08-19 10:00:44','2020-02-19 00:04:20'),(164,'Laurel','Marvin','914-890-6456','1995-07-18','m','qfarrell@example.org',4,0,'2015-02-17 05:56:01','2020-02-19 00:04:20'),(165,'Emmanuelle','Keebler','891-938-6405x454','2005-04-01','f','nmorissette@example.org',5,1,'1981-07-26 01:03:50','2020-02-19 00:04:20'),(166,'Dominique','Johnston','268-807-2928','2010-01-07','f','libbie58@example.org',6,0,'2008-02-29 17:47:31','2020-02-19 00:04:20'),(167,'Maxine','Turcotte','1-150-732-9294x40594','1990-01-02','f','walker.raoul@example.com',7,0,'2016-05-30 21:07:04','2020-02-19 00:04:20'),(168,'Wendy','Tremblay','+22(1)7110617411','1977-01-10','f','dbraun@example.net',8,1,'1982-01-09 10:58:46','2020-02-19 00:04:20'),(169,'Jessica','O\'Conner','812-600-3309','1977-01-25','m','ciara.rodriguez@example.com',9,1,'1998-11-16 15:50:12','2020-02-19 00:04:20'),(170,'Edwardo','Cummings','1-637-882-5701x24422','2017-06-09','f','kelvin78@example.com',10,1,'2011-06-29 02:45:22','2020-02-19 00:04:20'),(171,'Garrison','Jerde','061-132-9207x9354','2004-01-28','m','braun.nedra@example.com',11,0,'2013-04-13 10:14:56','2020-02-19 00:04:20'),(172,'Bradly','Kemmer','(080)409-6371x269','2005-02-17','f','vkuhlman@example.net',12,0,'1977-09-29 21:35:57','2020-02-19 00:04:20'),(173,'Beryl','Blanda','1-376-130-3970','1991-08-07','f','denis70@example.net',13,0,'2000-03-23 08:50:30','2020-02-19 00:04:20'),(174,'Jaquelin','Renner','770-459-5894x8256','2005-12-25','m','uriah.stroman@example.com',14,1,'1987-09-23 17:42:08','2020-02-19 00:03:50'),(175,'Makayla','Gibson','(066)211-3299','2018-03-20','f','shyann58@example.net',15,1,'1995-09-29 10:02:43','2020-02-19 00:04:20'),(176,'Jakayla','Dare','(926)145-9266','2004-02-27','f','catherine28@example.net',16,1,'1993-06-04 23:10:39','2020-02-19 00:04:20'),(177,'Baby','Tillman','896.048.9856x682','1994-03-18','m','jan.hirthe@example.org',17,1,'1971-03-07 16:40:18','2020-02-19 00:03:50'),(178,'Daren','Gleason','118.237.3939x25262','2003-08-21','f','dallin.morar@example.org',18,0,'1980-09-11 02:47:50','2020-02-19 00:04:20'),(179,'Arnaldo','Marquardt','1-539-826-1054','1975-08-08','f','mitchell.johnson@example.net',19,0,'1986-11-18 22:27:48','2020-02-19 00:04:20'),(180,'Lisette','Schamberger','469-873-4089x902','1983-05-16','f','hollis39@example.org',20,0,'1997-11-14 08:56:13','2020-02-19 00:04:20'),(181,'Audrey','Wunsch','418-852-4356','2001-03-27','m','timmothy.rogahn@example.org',1,0,'2005-11-30 04:40:51','2020-02-19 00:04:20'),(182,'Abel','Little','(658)336-0526x01416','1993-01-11','f','sconsidine@example.net',2,0,'1981-10-06 22:48:06','2020-02-19 00:04:20'),(183,'Anabelle','Dooley','(501)799-2543x552','1983-09-18','f','napoleon.parker@example.net',3,1,'2005-10-16 22:08:11','2020-02-19 00:04:20'),(184,'Camille','Larson','855-514-6880x823','2008-03-23','m','idare@example.org',4,1,'2007-09-27 00:10:57','2020-02-19 00:03:50'),(185,'Efren','Emmerich','1-506-676-7525','1983-03-21','f','ankunding.fredy@example.com',5,0,'1973-06-19 12:55:09','2020-02-19 00:04:20'),(186,'Micaela','Russel','(786)923-0432x82354','1981-07-05','f','west.alfredo@example.org',6,1,'2000-04-24 02:39:21','2020-02-19 00:04:20'),(187,'Emmet','Glover','(333)628-4405','1987-03-23','m','virginie03@example.net',7,0,'1970-05-01 12:52:18','2020-02-19 00:04:20'),(188,'Citlalli','O\'Reilly','930.745.0954','2010-07-03','m','dessie49@example.com',8,1,'1976-07-30 05:09:20','2020-02-19 00:04:20'),(189,'Electa','Block','394.427.9891','1993-05-09','f','torphy.mikayla@example.net',9,1,'1980-01-15 20:44:48','2020-02-19 00:04:20'),(190,'Grover','Gleason','(703)789-8092','2012-10-07','m','nia.brown@example.net',10,0,'2004-04-30 05:02:13','2020-02-19 00:03:50'),(191,'Maxine','Douglas','(659)318-5162','1982-04-24','f','awalker@example.net',11,0,'2019-04-24 18:12:12','2020-02-19 00:04:20'),(192,'Citlalli','Mills','1-123-178-6095x5268','1999-06-01','f','barry.o\'hara@example.org',12,1,'2010-07-12 22:49:28','2020-02-19 00:04:20'),(193,'Russel','Green','(235)157-8363','2017-05-04','m','ziemann.summer@example.com',13,0,'2012-04-04 11:21:10','2020-02-19 00:04:20'),(194,'Maymie','Boehm','1-884-206-2605x13480','2019-08-14','m','fkeebler@example.org',14,1,'1984-10-10 02:58:09','2020-02-19 00:03:50'),(195,'Jesse','Ryan','1-262-346-6127x873','1989-11-01','m','pcrooks@example.net',15,1,'2010-05-08 18:50:37','2020-02-19 00:03:50'),(196,'Olaf','Rutherford','1-840-534-8577x2502','1996-12-12','f','alyson.parker@example.com',16,1,'1999-08-19 01:29:41','2020-02-19 00:04:20'),(197,'Andreane','Kuphal','1-233-997-1681x673','1996-02-08','f','pfannerstill.annalise@example.com',17,0,'2005-06-02 12:15:20','2020-02-19 00:04:20'),(198,'Hulda','Friesen','1-406-983-2541','1996-11-09','m','bcollier@example.net',18,1,'2000-05-26 00:14:59','2020-02-19 00:03:50'),(199,'Alexa','Medhurst','(890)159-1754x69150','1988-06-15','m','elouise.ratke@example.com',19,1,'1990-06-18 08:17:27','2020-02-19 00:03:50'),(200,'Jonatan','Trantow','(761)907-9984x56871','1973-07-19','f','wunsch.annamarie@example.net',20,1,'2017-01-08 04:59:17','2020-02-19 00:04:20'),(201,'Alexandrine','Emmerich','889-471-4192','1990-10-19','m','chelsey.powlowski@example.net',1,1,'1979-08-07 07:06:10','2020-02-19 00:04:20'),(202,'Hershel','Carroll','+77(8)9921274207','1972-10-04','m','towne.garland@example.net',2,0,'1980-01-19 01:35:47','2020-02-19 00:04:20'),(203,'Lenora','Bins','1-439-037-9887x690','2009-10-24','f','jamel.swift@example.com',3,1,'1991-07-02 00:21:23','2020-02-19 00:04:20'),(204,'Winfield','Eichmann','957.602.1766','1982-05-04','f','wweissnat@example.net',4,0,'2004-01-29 07:03:10','2020-02-19 00:04:20'),(205,'Wilhelm','Kassulke','06532149483','1970-07-25','m','iliana.stracke@example.com',5,1,'2010-09-09 23:41:31','2020-02-19 00:03:50'),(206,'Loraine','Towne','144-619-6796x2992','1996-12-25','m','kaley.volkman@example.com',6,1,'1981-08-04 11:46:49','2020-02-19 00:04:20'),(207,'Travon','Morissette','136-817-6019x05519','1985-11-24','m','sbartell@example.com',7,0,'2008-04-10 14:04:21','2020-02-19 00:04:20'),(208,'Raphael','Fahey','551-919-6039','2000-12-22','f','xpaucek@example.net',8,0,'2018-03-19 12:54:55','2020-02-19 00:04:20'),(209,'Damian','Schroeder','692.643.7624x0453','2007-11-13','f','mikel86@example.org',9,1,'2009-04-12 09:59:52','2020-02-19 00:04:20'),(210,'Carolyn','Sporer','1-995-914-9809','1997-10-28','f','prohaska.markus@example.org',10,1,'1980-03-11 20:27:46','2020-02-19 00:04:20'),(211,'Maritza','Shanahan','825.021.0384x9930','1975-05-31','f','nhills@example.org',11,1,'2014-10-15 20:56:52','2020-02-19 00:04:20'),(212,'Valentin','Zemlak','+62(8)7277337580','1973-07-07','f','kenyon.lemke@example.com',12,1,'1993-05-03 09:27:08','2020-02-19 00:04:20'),(213,'Connie','Dare','09794917092','2018-12-01','m','dawn.mcclure@example.net',13,1,'1983-04-02 01:54:52','2020-02-19 00:03:50'),(214,'Zachery','Herzog','955-978-9430x42354','2019-01-23','m','ikuhn@example.net',14,1,'2014-06-25 09:05:36','2020-02-19 00:03:50'),(215,'Jason','Schaefer','+14(9)5992307095','2010-06-30','m','tschuster@example.com',15,1,'1982-05-24 11:31:30','2020-02-19 00:04:20'),(216,'Walton','Nader','521.901.5051','1993-01-29','f','linwood92@example.net',16,0,'2004-02-10 17:28:25','2020-02-19 00:04:20'),(217,'Sim','Runolfsson','+11(9)6884368407','1987-10-19','f','raymond35@example.net',17,0,'1986-07-20 18:08:50','2020-02-19 00:04:20'),(218,'Emerson','Kuvalis','1-059-263-5669','1986-09-30','m','jermey74@example.net',18,0,'2000-03-15 04:13:44','2020-02-19 00:04:20'),(219,'Spencer','Sawayn','107.850.0199x3593','2012-08-22','m','alanna.kuhic@example.net',19,1,'1973-12-10 01:26:27','2020-02-19 00:03:50'),(220,'Furman','Dibbert','831.499.6047x6352','2010-06-07','m','lockman.assunta@example.net',20,1,'1988-03-02 14:03:26','2020-02-19 00:04:20'),(221,'Edwin','Rippin','707-603-8252','2010-01-23','m','rosalinda01@example.net',1,0,'1990-07-17 00:49:31','2020-02-19 00:03:50'),(222,'Janelle','Schmeler','1-869-917-6067x3393','2010-12-21','m','halvorson.ines@example.org',2,0,'2014-10-23 09:18:35','2020-02-19 00:03:50'),(223,'Clotilde','Sauer','1-256-898-6096x0606','1976-11-21','f','enola.roob@example.org',3,1,'2011-07-02 14:23:47','2020-02-19 00:04:20'),(224,'Mabelle','Schimmel','1-135-651-3448x2730','1972-07-20','m','kuhic.heber@example.net',4,1,'2003-05-06 21:02:02','2020-02-19 00:04:20'),(225,'Britney','Gulgowski','1-275-037-5848x962','2015-01-26','f','quinton.ritchie@example.net',5,0,'1999-05-17 02:57:47','2020-02-19 00:04:20'),(226,'Dortha','Altenwerth','(654)439-1169','2001-02-23','m','tbalistreri@example.net',6,1,'1971-05-22 11:49:32','2020-02-19 00:03:50'),(227,'Jocelyn','Leffler','01713595050','1981-12-28','f','swalter@example.org',7,0,'1975-04-17 13:18:10','2020-02-19 00:04:20'),(228,'Helmer','Frami','528-363-9582','2018-09-15','f','joana76@example.com',8,0,'2000-12-13 15:54:55','2020-02-19 00:04:20'),(229,'Rubye','Kessler','(260)314-1376','1997-02-21','f','tsawayn@example.org',9,1,'1987-08-31 23:52:42','2020-02-19 00:04:20'),(230,'Bradley','Schmeler','(195)821-3301','2018-06-28','f','dhuel@example.com',10,0,'1973-07-25 15:31:01','2020-02-19 00:04:20'),(231,'Teagan','Fadel','141.956.6513','2006-03-04','f','mraz.reed@example.org',11,0,'2010-01-07 13:43:09','2020-02-19 00:04:20'),(232,'Aglae','Heller','301-217-6029','1975-11-21','m','lebsack.jovan@example.net',12,0,'1990-08-14 03:01:36','2020-02-19 00:04:20'),(233,'Luella','Borer','(617)316-3096','1987-12-08','f','monica61@example.com',13,1,'2018-09-09 05:07:19','2020-02-19 00:04:20'),(234,'Kyler','Jacobson','1-400-701-0462','2007-03-12','f','hamill.noemy@example.org',14,0,'1989-10-23 22:33:58','2020-02-19 00:04:20'),(235,'Guillermo','Schuppe','1-429-112-0726x09040','2019-11-22','m','skozey@example.com',15,0,'2004-10-31 02:24:25','2020-02-19 00:03:50'),(236,'Lora','Kuhlman','596.000.6365x38038','1971-03-06','m','frances.bednar@example.com',16,1,'2002-04-15 13:51:27','2020-02-19 00:03:50'),(237,'Maxie','Marquardt','569.608.7139x035','2011-12-30','m','bahringer.rory@example.com',17,1,'1978-08-17 01:51:12','2020-02-19 00:04:20'),(238,'Sarah','Cole','(910)508-7503x1314','1973-02-15','f','bradly.watsica@example.org',18,1,'1984-01-29 19:06:40','2020-02-19 00:04:20'),(239,'Precious','Orn','009-791-8248x980','2016-08-29','f','hugh.vandervort@example.com',19,0,'1975-11-29 01:52:43','2020-02-19 00:04:20'),(240,'Manuela','Gleichner','1-366-222-3612','1991-03-16','f','lorenza.sporer@example.net',20,0,'2006-01-25 06:07:53','2020-02-19 00:04:20'),(241,'Kacey','Langworth','964-711-8035x09926','1972-04-05','f','sconsidine@example.org',1,0,'2017-06-06 16:27:29','2020-02-19 00:04:20'),(242,'Abdullah','Witting','1-053-705-7357','1993-11-21','f','angelita45@example.com',2,1,'1978-11-01 17:28:40','2020-02-19 00:04:20'),(243,'Peyton','Littel','966.109.6022x766','2010-07-20','m','powlowski.daphne@example.com',3,0,'1997-03-18 08:51:39','2020-02-19 00:04:20'),(244,'Verna','Welch','357-316-9407','1978-11-04','f','lazaro.hintz@example.com',4,0,'2011-11-08 16:31:29','2020-02-19 00:04:20'),(245,'Jaquelin','Marquardt','1-214-538-7047','2011-08-13','f','fmosciski@example.org',5,0,'2002-08-04 14:00:31','2020-02-19 00:04:20'),(246,'Giovanny','Kuvalis','837-013-0672','1978-03-19','f','mervin21@example.com',6,0,'1988-03-22 02:13:59','2020-02-19 00:04:20'),(247,'Hiram','Ortiz','160.598.2856x537','2008-07-02','f','mylene61@example.com',7,0,'1988-09-26 14:10:28','2020-02-19 00:04:20'),(248,'Estefania','Heaney','(819)369-1123x647','2010-01-02','f','klein.berniece@example.net',8,0,'2018-01-21 06:10:44','2020-02-19 00:04:20'),(249,'Ella','Daugherty','07241405409','2003-01-31','m','crystel.halvorson@example.org',9,1,'1982-02-26 09:11:13','2020-02-19 00:04:20'),(250,'Michale','Cole','1-457-604-9520x50961','1974-07-07','f','vandervort.maxime@example.com',10,1,'1979-06-15 11:42:17','2020-02-19 00:04:20'),(251,'Cleo','Kovacek','1-951-292-6535','2018-03-04','f','agutkowski@example.com',11,0,'1999-12-29 22:30:32','2020-02-19 00:04:20'),(252,'Dane','Lynch','1-334-119-5498x7164','1988-06-26','f','elias46@example.org',12,0,'2018-05-16 09:29:47','2020-02-19 00:04:20'),(253,'Willie','Schumm','555.831.9268','1982-07-06','f','schaden.dortha@example.net',13,0,'1988-09-11 03:32:50','2020-02-19 00:04:20'),(254,'Orion','Adams','169-957-7443x03447','2000-09-09','m','tkutch@example.com',14,0,'1971-09-29 22:08:35','2020-02-19 00:03:50'),(255,'Elinore','Bins','289-531-8289x42645','1978-04-14','f','eliza.skiles@example.net',15,0,'2016-09-30 04:14:22','2020-02-19 00:04:20'),(256,'Julien','Schmitt','(437)332-3371x3968','1989-11-28','m','kyle90@example.com',16,1,'2016-06-09 15:48:18','2020-02-19 00:04:20'),(257,'Miguel','Roob','872-655-7079x639','1987-04-28','f','gustave98@example.org',17,0,'1991-01-16 07:18:06','2020-02-19 00:04:20'),(258,'Ora','Russel','290-325-2832','2015-08-21','f','dessie.jakubowski@example.org',18,1,'2014-12-24 07:20:38','2020-02-19 00:04:20'),(259,'Everett','Wolff','407.694.9564x29985','2004-03-19','m','wunsch.vicenta@example.com',19,1,'1978-07-09 03:52:03','2020-02-19 00:03:50'),(260,'Nash','Bartell','(699)668-6993x246','1990-05-11','f','xweimann@example.org',20,0,'2013-12-28 18:00:41','2020-02-19 00:04:20'),(261,'Raphaelle','DuBuque','768-150-6714','1994-07-26','m','anabelle62@example.net',1,0,'1975-05-06 06:58:57','2020-02-19 00:03:50'),(262,'Zion','Blanda','09556987610','1993-06-26','m','conrad87@example.net',2,0,'2008-11-10 10:42:08','2020-02-19 00:03:50'),(263,'Rashawn','Dicki','579.739.4413','2000-01-05','f','archibald18@example.com',3,1,'2000-04-01 05:03:28','2020-02-19 00:04:20'),(264,'Amaya','Davis','(866)081-5520x20864','1995-09-11','m','stroman.casimer@example.org',4,1,'1988-12-17 22:52:15','2020-02-19 00:04:20'),(265,'Claire','Powlowski','1-136-674-1988','2014-02-18','m','ewiegand@example.org',5,0,'2014-01-10 10:22:57','2020-02-19 00:03:50'),(266,'Christa','Jenkins','1-744-449-5061x3331','1997-12-30','m','paucek.charlene@example.net',6,0,'2018-12-29 00:54:19','2020-02-19 00:04:20'),(267,'Brittany','Zboncak','+91(5)1906055365','1981-11-18','f','camilla74@example.net',7,1,'1992-08-14 22:19:42','2020-02-19 00:04:20'),(268,'Raymond','Kub','102.814.2349x35687','2000-01-20','f','moriah.aufderhar@example.net',8,1,'1985-10-20 15:48:33','2020-02-19 00:04:20'),(269,'Edward','Willms','356-360-6308x992','1980-06-10','m','tkerluke@example.org',9,0,'1986-02-18 14:38:29','2020-02-19 00:04:20'),(270,'Lula','Rodriguez','011.767.2271','2013-10-29','m','kaitlin52@example.net',10,0,'2008-07-30 02:57:12','2020-02-19 00:03:50'),(271,'Kenya','Wiegand','780.366.6908x7372','2016-04-09','f','vivien.armstrong@example.org',11,1,'2019-12-14 10:46:52','2020-02-19 00:04:20'),(272,'Jabari','Pacocha','482-509-1733x6612','2016-12-24','m','zora67@example.org',12,1,'2005-12-01 21:40:08','2020-02-19 00:03:50'),(273,'Maxine','Nikolaus','585-480-0079x9555','2015-04-19','f','xpredovic@example.com',13,0,'1990-06-28 09:13:28','2020-02-19 00:04:20'),(274,'Minerva','Beier','(757)363-1758x55864','1981-03-09','m','cyrus.haag@example.org',14,1,'1997-10-05 06:38:57','2020-02-19 00:03:50'),(275,'Nelda','Lind','1-223-985-3487x7090','2004-03-09','f','bklocko@example.com',15,0,'2002-07-26 14:42:19','2020-02-19 00:04:20'),(276,'Arnold','Howe','152.961.6413','1981-04-23','m','liliane72@example.com',16,1,'1970-11-06 03:43:17','2020-02-19 00:04:20'),(277,'Thurman','Gusikowski','1-769-676-9428','2004-08-07','m','leannon.katrina@example.net',17,1,'2007-07-05 14:07:46','2020-02-19 00:03:50'),(278,'Mae','Heathcote','1-221-077-7831','2011-09-16','f','qking@example.com',18,1,'1986-01-06 15:33:57','2020-02-19 00:04:20'),(279,'Norberto','Jacobson','(117)847-6935x0296','1995-11-07','f','armand72@example.net',19,1,'1984-04-23 15:46:17','2020-02-19 00:04:20'),(280,'Natalia','Stark','(948)285-2346x779','2009-04-07','m','osborne16@example.net',20,0,'1992-12-09 08:03:56','2020-02-19 00:03:50'),(281,'Glen','Roberts','055-954-2796','1989-07-19','m','hessel.kendall@example.net',1,1,'2012-10-28 11:36:12','2020-02-19 00:03:50'),(282,'Ana','Carroll','04131259411','1999-11-08','f','schneider.derick@example.org',2,1,'2012-05-23 02:50:09','2020-02-19 00:04:20'),(283,'Trever','Franecki','+97(1)5246379703','1991-10-27','m','yadira.aufderhar@example.com',3,1,'1991-10-07 20:41:52','2020-02-19 00:04:20'),(284,'Alvena','Bins','539-290-7852','2013-04-29','f','chesley.hagenes@example.net',4,0,'1972-02-04 08:58:25','2020-02-19 00:04:20'),(285,'Amparo','Larson','02600588689','2006-06-13','m','vwisozk@example.com',5,1,'2007-04-07 22:29:44','2020-02-19 00:03:50'),(286,'Winston','Casper','1-556-120-2494','1988-03-14','f','jared.maggio@example.net',6,0,'1988-02-22 20:14:37','2020-02-19 00:04:20'),(287,'Russ','Kassulke','1-803-869-3594x08430','2014-08-30','f','beer.isabel@example.com',7,1,'2002-04-01 15:31:58','2020-02-19 00:04:20'),(288,'Lon','Jakubowski','+71(1)3850932718','1993-12-25','m','allene.terry@example.net',8,0,'1986-09-10 16:54:10','2020-02-19 00:03:50'),(289,'Curt','Lueilwitz','(806)754-8386x0976','1980-05-12','f','rempel.alisha@example.org',9,0,'2003-04-07 03:58:06','2020-02-19 00:04:20'),(290,'Adolph','Carter','668-750-1233x1424','1976-06-23','f','modesto67@example.org',10,0,'1997-01-22 13:50:17','2020-02-19 00:04:20'),(291,'Mercedes','Hudson','510.603.7297x90375','2006-11-24','m','goyette.monserrate@example.com',11,1,'1976-04-24 23:43:56','2020-02-19 00:03:50'),(292,'Alayna','Dietrich','589.496.4978','2009-11-12','f','dhaag@example.org',12,1,'2015-02-15 05:04:32','2020-02-19 00:04:20'),(293,'Karianne','Larson','577-623-7275x655','1994-12-10','m','cbalistreri@example.org',13,1,'1997-09-08 04:40:24','2020-02-19 00:04:20'),(294,'Cecil','Barrows','(687)663-0246','1991-06-27','m','olaf89@example.com',14,1,'2016-01-14 21:40:04','2020-02-19 00:03:50'),(295,'Hipolito','Wisoky','(701)076-6263','1988-09-07','f','al20@example.net',15,0,'1990-06-10 10:44:42','2020-02-19 00:04:20'),(296,'Oleta','Jakubowski','+43(6)6308572648','2002-12-11','f','ruecker.elian@example.com',16,0,'2018-11-23 21:15:07','2020-02-19 00:04:20'),(297,'Desmond','Jerde','+58(7)8696068578','2003-04-08','f','annetta74@example.com',17,0,'1993-12-29 21:09:58','2020-02-19 00:04:20'),(298,'Odessa','Marks','162-615-9212x841','1978-08-27','m','wunsch.carroll@example.net',18,0,'2019-07-19 05:32:46','2020-02-19 00:03:50'),(299,'Colt','Cole','(991)049-8666','2006-11-11','m','jeremie47@example.com',19,1,'1977-12-12 12:05:55','2020-02-19 00:03:50'),(300,'Loren','Price','365.876.0207x4645','1985-01-16','m','israel57@example.com',20,1,'1984-11-11 16:38:07','2020-02-19 00:03:50');
/*!40000 ALTER TABLE `users` ENABLE KEYS */;
UNLOCK TABLES;
/*!40103 SET TIME_ZONE=@OLD_TIME_ZONE */;

/*!40101 SET SQL_MODE=@OLD_SQL_MODE */;
/*!40014 SET FOREIGN_KEY_CHECKS=@OLD_FOREIGN_KEY_CHECKS */;
/*!40014 SET UNIQUE_CHECKS=@OLD_UNIQUE_CHECKS */;
/*!40101 SET CHARACTER_SET_CLIENT=@OLD_CHARACTER_SET_CLIENT */;
/*!40101 SET CHARACTER_SET_RESULTS=@OLD_CHARACTER_SET_RESULTS */;
/*!40101 SET COLLATION_CONNECTION=@OLD_COLLATION_CONNECTION */;
/*!40111 SET SQL_NOTES=@OLD_SQL_NOTES */;

-- Dump completed on 2020-02-19 15:36:02
